,K_1,K_2,K_3,K_4,K_5,K_6,K_7,K_8,K_9,K_10,K_11,K_12,K_13,K_14,K_15,K_16,K_17,K_18,K_19,K_20,K_21,K_22,K_23,K_24,K_25,K_26,K_27,K_28,K_29,K_30,K_31,K_32,K_33,K_34,K_35,K_36,K_37,K_38,K_39,K_40,K_41,K_42,K_43,K_44,K_45,K_46,K_47,K_48,K_49,K_50,K_51,K_52,K_53,K_54,K_55,K_56,K_57,K_58,K_59,K_60,K_61,K_62,K_63,K_64,K_65,K_66,K_67,K_68,K_69,K_70,K_71,K_72,K_73,K_74,K_75,K_76,K_77,K_78,K_79,K_80,K_81,K_82
50words,FaceAll,MedicalImages,MALLAT,FacesUCR,Worms,ShapesAll,Phoneme,HandOutlines,Lighting7,Strawberry,MiddlePhalanxTW,OliveOil,ProximalPhalanxTW,PhalangesOutlinesCorrect,synthetic_control,Gun_Point,Cricket_Z,Meat,ProximalPhalanxOutlineAgeGroup,uWaveGestureLibrary_Z,ProximalPhalanxOutlineCorrect,WormsTwoClass,Cricket_Y,UWaveGestureLibraryAll,Cricket_X,wafer,CBF,CinC_ECG_torso,MiddlePhalanxOutlineAgeGroup,ChlorineConcentration,Lighting2,Beef,DistalPhalanxTW,DistalPhalanxOutlineAgeGroup,uWaveGestureLibrary_Y,RefrigerationDevices,ECG5000,uWaveGestureLibrary_X,InsectWingbeatSound,MiddlePhalanxOutlineCorrect,DistalPhalanxOutlineCorrect,Ham,ArrowHead,Coffee,SonyAIBORobotSurfaceII,Wine,Earthquakes,Symbols,Computers,InlineSkate,MoteStrain,ItalyPowerDemand,ScreenType,ECGFiveDays,LargeKitchenAppliances,ToeSegmentation1,FordA,ToeSegmentation2,SmallKitchenAppliances,Two_Patterns,TwoLeadECG,FordB,ECG200,OSULeaf,SonyAIBORobotSurface,Trace,ShapeletSim,BeetleFly,BirdChicken,Adiac,yoga,Plane,SwedishLeaf,DiatomSizeReduction,Car,Haptics,FISH,Herring,NonInvasiveFatalECG_Thorax2,FaceFour,NonInvasiveFatalECG_Thorax1,WordsSynonyms
Adiac,Car,OSULeaf,SwedishLeaf,ShapesAll,FISH,Phoneme,DiatomSizeReduction,BeetleFly,Symbols,BirdChicken,Haptics,Plane,synthetic_control,RefrigerationDevices,Cricket_Z,ToeSegmentation1,UWaveGestureLibraryAll,Herring,ShapeletSim,ToeSegmentation2,uWaveGestureLibrary_Y,Earthquakes,yoga,FacesUCR,uWaveGestureLibrary_X,wafer,Cricket_X,Worms,Trace,SmallKitchenAppliances,MoteStrain,Cricket_Y,uWaveGestureLibrary_Z,NonInvasiveFatalECG_Thorax2,SonyAIBORobotSurfaceII,ECG200,SonyAIBORobotSurface,FaceFour,InlineSkate,CinC_ECG_torso,TwoLeadECG,FordB,Two_Patterns,FordA,ItalyPowerDemand,ECGFiveDays,NonInvasiveFatalECG_Thorax1,ECG5000,LargeKitchenAppliances,DistalPhalanxTW,FaceAll,InsectWingbeatSound,DistalPhalanxOutlineAgeGroup,Computers,ScreenType,Lighting7,ProximalPhalanxTW,DistalPhalanxOutlineCorrect,MiddlePhalanxTW,MedicalImages,ProximalPhalanxOutlineAgeGroup,CBF,MiddlePhalanxOutlineAgeGroup,MiddlePhalanxOutlineCorrect,Ham,ChlorineConcentration,Lighting2,50words,WordsSynonyms,ProximalPhalanxOutlineCorrect,PhalangesOutlinesCorrect,MALLAT,Gun_Point,OliveOil,Strawberry,WormsTwoClass,Meat,Beef,ArrowHead,Coffee,Wine,HandOutlines
ArrowHead,Coffee,Wine,Beef,FacesUCR,Phoneme,50words,ECG5000,HandOutlines,MedicalImages,WordsSynonyms,Worms,Meat,synthetic_control,uWaveGestureLibrary_Y,WormsTwoClass,Cricket_Y,FaceAll,Lighting7,wafer,MALLAT,Strawberry,DistalPhalanxTW,MiddlePhalanxTW,ProximalPhalanxTW,CinC_ECG_torso,CBF,OliveOil,Gun_Point,ProximalPhalanxOutlineAgeGroup,ShapesAll,ProximalPhalanxOutlineCorrect,uWaveGestureLibrary_Z,UWaveGestureLibraryAll,PhalangesOutlinesCorrect,Cricket_Z,Lighting2,Cricket_X,uWaveGestureLibrary_X,InsectWingbeatSound,MiddlePhalanxOutlineCorrect,DistalPhalanxOutlineAgeGroup,MiddlePhalanxOutlineAgeGroup,ChlorineConcentration,RefrigerationDevices,DistalPhalanxOutlineCorrect,Ham,SonyAIBORobotSurfaceII,Earthquakes,Symbols,Computers,InlineSkate,MoteStrain,ItalyPowerDemand,ScreenType,ECGFiveDays,LargeKitchenAppliances,ToeSegmentation1,FordA,ToeSegmentation2,SmallKitchenAppliances,Two_Patterns,TwoLeadECG,FordB,ECG200,OSULeaf,SonyAIBORobotSurface,Trace,ShapeletSim,BeetleFly,BirdChicken,Adiac,yoga,Plane,SwedishLeaf,DiatomSizeReduction,Car,Haptics,FISH,Herring,NonInvasiveFatalECG_Thorax2,FaceFour,NonInvasiveFatalECG_Thorax1
Beef,Phoneme,ArrowHead,FacesUCR,50words,Coffee,Wine,ECG5000,MedicalImages,WordsSynonyms,Meat,synthetic_control,uWaveGestureLibrary_Y,HandOutlines,WormsTwoClass,Worms,Cricket_Y,FaceAll,Lighting7,wafer,MALLAT,Strawberry,DistalPhalanxTW,MiddlePhalanxTW,ProximalPhalanxTW,CinC_ECG_torso,CBF,OliveOil,Gun_Point,ProximalPhalanxOutlineAgeGroup,ShapesAll,ProximalPhalanxOutlineCorrect,uWaveGestureLibrary_Z,UWaveGestureLibraryAll,PhalangesOutlinesCorrect,Cricket_Z,Lighting2,Cricket_X,uWaveGestureLibrary_X,InsectWingbeatSound,MiddlePhalanxOutlineCorrect,DistalPhalanxOutlineAgeGroup,MiddlePhalanxOutlineAgeGroup,ChlorineConcentration,RefrigerationDevices,DistalPhalanxOutlineCorrect,Ham,SonyAIBORobotSurfaceII,Earthquakes,Symbols,Computers,InlineSkate,MoteStrain,ItalyPowerDemand,ScreenType,ECGFiveDays,LargeKitchenAppliances,ToeSegmentation1,FordA,ToeSegmentation2,SmallKitchenAppliances,Two_Patterns,TwoLeadECG,FordB,ECG200,OSULeaf,SonyAIBORobotSurface,Trace,ShapeletSim,BeetleFly,BirdChicken,Adiac,yoga,Plane,SwedishLeaf,DiatomSizeReduction,Car,Haptics,FISH,Herring,NonInvasiveFatalECG_Thorax2,FaceFour,NonInvasiveFatalECG_Thorax1
BeetleFly,SmallKitchenAppliances,Adiac,Trace,Phoneme,FISH,MoteStrain,SwedishLeaf,Cricket_Z,Cricket_Y,OSULeaf,RefrigerationDevices,Cricket_X,Worms,DiatomSizeReduction,uWaveGestureLibrary_Y,uWaveGestureLibrary_Z,ShapeletSim,Car,Symbols,uWaveGestureLibrary_X,synthetic_control,FacesUCR,Haptics,UWaveGestureLibraryAll,ToeSegmentation1,SonyAIBORobotSurfaceII,ECG200,wafer,SonyAIBORobotSurface,yoga,ToeSegmentation2,InlineSkate,Plane,NonInvasiveFatalECG_Thorax2,CinC_ECG_torso,TwoLeadECG,FordB,Two_Patterns,FordA,ItalyPowerDemand,ECGFiveDays,FaceFour,ECG5000,LargeKitchenAppliances,DistalPhalanxTW,FaceAll,InsectWingbeatSound,DistalPhalanxOutlineAgeGroup,Computers,ScreenType,NonInvasiveFatalECG_Thorax1,Lighting7,ProximalPhalanxTW,DistalPhalanxOutlineCorrect,MiddlePhalanxTW,MedicalImages,ProximalPhalanxOutlineAgeGroup,CBF,MiddlePhalanxOutlineAgeGroup,MiddlePhalanxOutlineCorrect,Ham,ChlorineConcentration,Lighting2,50words,WordsSynonyms,ProximalPhalanxOutlineCorrect,PhalangesOutlinesCorrect,MALLAT,Gun_Point,OliveOil,Strawberry,WormsTwoClass,Meat,Beef,ArrowHead,Coffee,Wine,HandOutlines,ShapesAll,BirdChicken,Herring,Earthquakes
BirdChicken,uWaveGestureLibrary_X,Haptics,Adiac,Phoneme,Cricket_Z,synthetic_control,FacesUCR,Cricket_X,uWaveGestureLibrary_Y,Worms,Car,OSULeaf,Trace,SmallKitchenAppliances,MoteStrain,Cricket_Y,SwedishLeaf,UWaveGestureLibraryAll,uWaveGestureLibrary_Z,DiatomSizeReduction,ShapeletSim,FISH,RefrigerationDevices,ToeSegmentation1,Symbols,wafer,SonyAIBORobotSurfaceII,yoga,ECG200,ToeSegmentation2,Plane,SonyAIBORobotSurface,InlineSkate,CinC_ECG_torso,NonInvasiveFatalECG_Thorax2,TwoLeadECG,FordB,Two_Patterns,FordA,ItalyPowerDemand,ECGFiveDays,ECG5000,FaceFour,LargeKitchenAppliances,DistalPhalanxTW,FaceAll,InsectWingbeatSound,DistalPhalanxOutlineAgeGroup,Computers,ScreenType,NonInvasiveFatalECG_Thorax1,Lighting7,ProximalPhalanxTW,DistalPhalanxOutlineCorrect,MiddlePhalanxTW,MedicalImages,ProximalPhalanxOutlineAgeGroup,CBF,MiddlePhalanxOutlineAgeGroup,MiddlePhalanxOutlineCorrect,Ham,ChlorineConcentration,Lighting2,50words,WordsSynonyms,ProximalPhalanxOutlineCorrect,PhalangesOutlinesCorrect,MALLAT,Gun_Point,OliveOil,Strawberry,WormsTwoClass,Meat,Beef,ArrowHead,Coffee,Wine,HandOutlines,ShapesAll,Herring,BeetleFly,Earthquakes
CBF,uWaveGestureLibrary_Y,DistalPhalanxTW,Earthquakes,ProximalPhalanxTW,MiddlePhalanxOutlineAgeGroup,synthetic_control,DistalPhalanxOutlineAgeGroup,FaceAll,Lighting7,ProximalPhalanxOutlineAgeGroup,50words,InsectWingbeatSound,Symbols,Phoneme,ChlorineConcentration,OliveOil,MedicalImages,Computers,CinC_ECG_torso,WordsSynonyms,MiddlePhalanxTW,Cricket_X,RefrigerationDevices,Gun_Point,Lighting2,MALLAT,uWaveGestureLibrary_X,FacesUCR,MiddlePhalanxOutlineCorrect,ShapesAll,Worms,ProximalPhalanxOutlineCorrect,SonyAIBORobotSurfaceII,DistalPhalanxOutlineCorrect,ECG5000,Ham,InlineSkate,MoteStrain,Cricket_Z,PhalangesOutlinesCorrect,Strawberry,ItalyPowerDemand,ScreenType,uWaveGestureLibrary_Z,wafer,UWaveGestureLibraryAll,Cricket_Y,ECGFiveDays,WormsTwoClass,LargeKitchenAppliances,ToeSegmentation1,FordA,ToeSegmentation2,SmallKitchenAppliances,Meat,TwoLeadECG,FordB,ECG200,OSULeaf,SonyAIBORobotSurface,Beef,ArrowHead,Coffee,Wine,Trace,ShapeletSim,BeetleFly,HandOutlines,BirdChicken,Adiac,yoga,Plane,DiatomSizeReduction,Car,Haptics,FISH,Herring,NonInvasiveFatalECG_Thorax2,FaceFour,NonInvasiveFatalECG_Thorax1,Two_Patterns,SwedishLeaf
Car,Adiac,ShapesAll,OSULeaf,Phoneme,Haptics,DiatomSizeReduction,BirdChicken,SwedishLeaf,BeetleFly,FISH,RefrigerationDevices,synthetic_control,Symbols,ShapeletSim,Herring,Earthquakes,Plane,ToeSegmentation2,yoga,Cricket_Z,wafer,ToeSegmentation1,NonInvasiveFatalECG_Thorax2,UWaveGestureLibraryAll,uWaveGestureLibrary_Y,FacesUCR,uWaveGestureLibrary_X,Cricket_X,Worms,Trace,FaceFour,SmallKitchenAppliances,MoteStrain,Cricket_Y,uWaveGestureLibrary_Z,SonyAIBORobotSurfaceII,ECG200,NonInvasiveFatalECG_Thorax1,SonyAIBORobotSurface,InlineSkate,CinC_ECG_torso,TwoLeadECG,FordB,Two_Patterns,FordA,ItalyPowerDemand,ECGFiveDays,ECG5000,LargeKitchenAppliances,DistalPhalanxTW,FaceAll,InsectWingbeatSound,DistalPhalanxOutlineAgeGroup,Computers,ScreenType,Lighting7,ProximalPhalanxTW,DistalPhalanxOutlineCorrect,MiddlePhalanxTW,MedicalImages,ProximalPhalanxOutlineAgeGroup,CBF,MiddlePhalanxOutlineAgeGroup,MiddlePhalanxOutlineCorrect,Ham,ChlorineConcentration,Lighting2,50words,WordsSynonyms,ProximalPhalanxOutlineCorrect,PhalangesOutlinesCorrect,MALLAT,Gun_Point,OliveOil,Strawberry,WormsTwoClass,Meat,Beef,ArrowHead,Coffee,Wine,HandOutlines
ChlorineConcentration,Ham,MiddlePhalanxTW,Cricket_X,MedicalImages,50words,ProximalPhalanxOutlineAgeGroup,DistalPhalanxOutlineCorrect,RefrigerationDevices,synthetic_control,Cricket_Z,MiddlePhalanxOutlineAgeGroup,ProximalPhalanxTW,Lighting2,CBF,ShapesAll,Lighting7,DistalPhalanxOutlineAgeGroup,MiddlePhalanxOutlineCorrect,FaceAll,WordsSynonyms,SonyAIBORobotSurfaceII,Phoneme,InsectWingbeatSound,uWaveGestureLibrary_X,ProximalPhalanxOutlineCorrect,Earthquakes,DistalPhalanxTW,uWaveGestureLibrary_Y,PhalangesOutlinesCorrect,Symbols,Computers,ECG5000,InlineSkate,MoteStrain,UWaveGestureLibraryAll,uWaveGestureLibrary_Z,FacesUCR,MALLAT,ItalyPowerDemand,ScreenType,Cricket_Y,ECGFiveDays,Worms,Gun_Point,OliveOil,CinC_ECG_torso,LargeKitchenAppliances,ToeSegmentation1,Strawberry,FordA,wafer,ToeSegmentation2,SmallKitchenAppliances,Two_Patterns,WormsTwoClass,TwoLeadECG,FordB,ECG200,Meat,OSULeaf,SonyAIBORobotSurface,Beef,ArrowHead,Coffee,Trace,Wine,ShapeletSim,BeetleFly,BirdChicken,Adiac,HandOutlines,yoga,Plane,SwedishLeaf,DiatomSizeReduction,Car,Haptics,FISH,Herring,NonInvasiveFatalECG_Thorax2,FaceFour,NonInvasiveFatalECG_Thorax1
CinC_ECG_torso,ShapesAll,uWaveGestureLibrary_Z,ProximalPhalanxTW,FaceAll,InlineSkate,50words,Phoneme,LargeKitchenAppliances,MALLAT,WordsSynonyms,DistalPhalanxOutlineAgeGroup,InsectWingbeatSound,ToeSegmentation2,ToeSegmentation1,Computers,Cricket_Y,SmallKitchenAppliances,Cricket_Z,DistalPhalanxTW,Cricket_X,CBF,OSULeaf,ECG5000,Symbols,FordA,OliveOil,TwoLeadECG,ScreenType,UWaveGestureLibraryAll,MiddlePhalanxTW,FordB,Gun_Point,uWaveGestureLibrary_X,FacesUCR,Strawberry,ECGFiveDays,RefrigerationDevices,ECG200,ProximalPhalanxOutlineAgeGroup,uWaveGestureLibrary_Y,Worms,ItalyPowerDemand,Two_Patterns,MedicalImages,ProximalPhalanxOutlineCorrect,SonyAIBORobotSurface,Lighting7,wafer,PhalangesOutlinesCorrect,DistalPhalanxOutlineCorrect,MoteStrain,Lighting2,WormsTwoClass,Earthquakes,MiddlePhalanxOutlineAgeGroup,MiddlePhalanxOutlineCorrect,SonyAIBORobotSurfaceII,Ham,synthetic_control,ChlorineConcentration,Meat,Trace,ShapeletSim,BeetleFly,BirdChicken,Beef,Adiac,ArrowHead,Coffee,Wine,yoga,Plane,SwedishLeaf,HandOutlines,DiatomSizeReduction,Car,Haptics,FISH,Herring,NonInvasiveFatalECG_Thorax2,FaceFour,NonInvasiveFatalECG_Thorax1
Coffee,Wine,ArrowHead,Beef,FacesUCR,Phoneme,50words,ECG5000,MedicalImages,WordsSynonyms,HandOutlines,Meat,synthetic_control,uWaveGestureLibrary_Y,Worms,WormsTwoClass,Cricket_Y,FaceAll,Lighting7,wafer,MALLAT,Strawberry,DistalPhalanxTW,MiddlePhalanxTW,ProximalPhalanxTW,CinC_ECG_torso,CBF,OliveOil,Gun_Point,ProximalPhalanxOutlineAgeGroup,ShapesAll,ProximalPhalanxOutlineCorrect,uWaveGestureLibrary_Z,UWaveGestureLibraryAll,PhalangesOutlinesCorrect,Cricket_Z,Lighting2,Cricket_X,uWaveGestureLibrary_X,InsectWingbeatSound,MiddlePhalanxOutlineCorrect,DistalPhalanxOutlineAgeGroup,MiddlePhalanxOutlineAgeGroup,ChlorineConcentration,RefrigerationDevices,DistalPhalanxOutlineCorrect,Ham,SonyAIBORobotSurfaceII,Earthquakes,Symbols,Computers,InlineSkate,MoteStrain,ItalyPowerDemand,ScreenType,ECGFiveDays,LargeKitchenAppliances,ToeSegmentation1,FordA,ToeSegmentation2,SmallKitchenAppliances,Two_Patterns,TwoLeadECG,FordB,ECG200,OSULeaf,SonyAIBORobotSurface,Trace,ShapeletSim,BeetleFly,BirdChicken,Adiac,yoga,Plane,SwedishLeaf,DiatomSizeReduction,Car,Haptics,FISH,Herring,NonInvasiveFatalECG_Thorax2,FaceFour,NonInvasiveFatalECG_Thorax1
Computers,FaceAll,InsectWingbeatSound,InlineSkate,DistalPhalanxTW,Phoneme,Symbols,CinC_ECG_torso,ProximalPhalanxOutlineAgeGroup,CBF,uWaveGestureLibrary_Y,Earthquakes,ShapesAll,DistalPhalanxOutlineAgeGroup,MedicalImages,ECG5000,MiddlePhalanxOutlineAgeGroup,UWaveGestureLibraryAll,ToeSegmentation1,MiddlePhalanxTW,Cricket_Y,MoteStrain,Lighting7,DistalPhalanxOutlineCorrect,ProximalPhalanxTW,Cricket_X,uWaveGestureLibrary_X,ECGFiveDays,SonyAIBORobotSurfaceII,MiddlePhalanxOutlineCorrect,FacesUCR,Ham,ItalyPowerDemand,Cricket_Z,FordA,ChlorineConcentration,Lighting2,ToeSegmentation2,50words,synthetic_control,uWaveGestureLibrary_Z,WordsSynonyms,Two_Patterns,ProximalPhalanxOutlineCorrect,PhalangesOutlinesCorrect,TwoLeadECG,Worms,FordB,ECG200,MALLAT,OSULeaf,Gun_Point,OliveOil,SonyAIBORobotSurface,Strawberry,wafer,WormsTwoClass,Trace,ShapeletSim,Meat,BeetleFly,BirdChicken,Adiac,Beef,ArrowHead,Coffee,yoga,Wine,Plane,SwedishLeaf,DiatomSizeReduction,HandOutlines,Car,Haptics,FISH,Herring,NonInvasiveFatalECG_Thorax2,FaceFour,NonInvasiveFatalECG_Thorax1,ScreenType,LargeKitchenAppliances,RefrigerationDevices,SmallKitchenAppliances
Cricket_X,UWaveGestureLibraryAll,Worms,WordsSynonyms,uWaveGestureLibrary_Y,Lighting7,ShapesAll,ProximalPhalanxOutlineAgeGroup,Phoneme,MiddlePhalanxTW,uWaveGestureLibrary_Z,Lighting2,LargeKitchenAppliances,MiddlePhalanxOutlineCorrect,FordA,Two_Patterns,InlineSkate,InsectWingbeatSound,50words,DistalPhalanxOutlineAgeGroup,ChlorineConcentration,ProximalPhalanxOutlineCorrect,uWaveGestureLibrary_X,SonyAIBORobotSurfaceII,ScreenType,FaceAll,Trace,ProximalPhalanxTW,ShapeletSim,Ham,MiddlePhalanxOutlineAgeGroup,ECGFiveDays,DistalPhalanxTW,MedicalImages,ItalyPowerDemand,CinC_ECG_torso,MoteStrain,DistalPhalanxOutlineCorrect,CBF,PhalangesOutlinesCorrect,BeetleFly,SmallKitchenAppliances,synthetic_control,TwoLeadECG,ToeSegmentation2,BirdChicken,Earthquakes,RefrigerationDevices,FacesUCR,ECG5000,FordB,Symbols,Computers,MALLAT,ECG200,ToeSegmentation1,Gun_Point,OliveOil,Adiac,OSULeaf,SonyAIBORobotSurface,Strawberry,wafer,yoga,WormsTwoClass,Plane,SwedishLeaf,Meat,DiatomSizeReduction,Car,Haptics,Beef,FISH,ArrowHead,Coffee,Wine,Herring,HandOutlines,NonInvasiveFatalECG_Thorax2,FaceFour,NonInvasiveFatalECG_Thorax1,Cricket_Z,Cricket_Y
Cricket_Y,Trace,WormsTwoClass,FordB,ShapesAll,InsectWingbeatSound,ToeSegmentation1,UWaveGestureLibraryAll,uWaveGestureLibrary_X,Phoneme,ECG200,50words,FacesUCR,Worms,DistalPhalanxOutlineAgeGroup,RefrigerationDevices,ECGFiveDays,uWaveGestureLibrary_Z,TwoLeadECG,SonyAIBORobotSurfaceII,LargeKitchenAppliances,synthetic_control,MoteStrain,uWaveGestureLibrary_Y,FaceAll,ScreenType,InlineSkate,CinC_ECG_torso,WordsSynonyms,ShapeletSim,SmallKitchenAppliances,BeetleFly,DistalPhalanxTW,Two_Patterns,Computers,FordA,ItalyPowerDemand,Lighting7,ECG5000,ProximalPhalanxTW,OSULeaf,DistalPhalanxOutlineCorrect,ToeSegmentation2,BirdChicken,MiddlePhalanxTW,MedicalImages,wafer,Symbols,SonyAIBORobotSurface,MALLAT,Strawberry,ProximalPhalanxOutlineAgeGroup,CBF,Earthquakes,MiddlePhalanxOutlineAgeGroup,Meat,MiddlePhalanxOutlineCorrect,Ham,Adiac,ChlorineConcentration,OliveOil,Gun_Point,Lighting2,ProximalPhalanxOutlineCorrect,PhalangesOutlinesCorrect,yoga,Beef,Plane,ArrowHead,Coffee,SwedishLeaf,Wine,DiatomSizeReduction,Car,Haptics,HandOutlines,FISH,Herring,NonInvasiveFatalECG_Thorax2,FaceFour,NonInvasiveFatalECG_Thorax1,Cricket_Z,Cricket_X
Cricket_Z,Trace,MiddlePhalanxTW,SmallKitchenAppliances,Phoneme,WordsSynonyms,ShapeletSim,FaceAll,ShapesAll,ECGFiveDays,50words,MiddlePhalanxOutlineAgeGroup,uWaveGestureLibrary_Z,UWaveGestureLibraryAll,MoteStrain,ProximalPhalanxOutlineAgeGroup,synthetic_control,ItalyPowerDemand,ToeSegmentation2,Two_Patterns,ECG5000,ECG200,PhalangesOutlinesCorrect,MedicalImages,yoga,Lighting2,InlineSkate,uWaveGestureLibrary_Y,Symbols,ChlorineConcentration,FordB,Worms,wafer,BeetleFly,CinC_ECG_torso,BirdChicken,Ham,Adiac,FordA,uWaveGestureLibrary_X,ProximalPhalanxTW,MiddlePhalanxOutlineCorrect,TwoLeadECG,SonyAIBORobotSurfaceII,DistalPhalanxOutlineCorrect,FacesUCR,InsectWingbeatSound,LargeKitchenAppliances,MALLAT,ToeSegmentation1,RefrigerationDevices,DistalPhalanxTW,Lighting7,DistalPhalanxOutlineAgeGroup,ProximalPhalanxOutlineCorrect,Earthquakes,CBF,Computers,OSULeaf,Gun_Point,Plane,OliveOil,SonyAIBORobotSurface,ScreenType,SwedishLeaf,Strawberry,DiatomSizeReduction,WormsTwoClass,Car,Haptics,Meat,FISH,Herring,Beef,ArrowHead,Coffee,Wine,NonInvasiveFatalECG_Thorax2,FaceFour,HandOutlines,NonInvasiveFatalECG_Thorax1,Cricket_X,Cricket_Y
DiatomSizeReduction,FISH,Symbols,ShapesAll,synthetic_control,Adiac,RefrigerationDevices,SwedishLeaf,OSULeaf,Phoneme,BeetleFly,Car,Herring,ShapeletSim,Earthquakes,BirdChicken,Haptics,Plane,ToeSegmentation2,yoga,Cricket_Z,wafer,NonInvasiveFatalECG_Thorax2,ToeSegmentation1,UWaveGestureLibraryAll,uWaveGestureLibrary_Y,FacesUCR,uWaveGestureLibrary_X,Cricket_X,FaceFour,Worms,Trace,SmallKitchenAppliances,MoteStrain,Cricket_Y,uWaveGestureLibrary_Z,SonyAIBORobotSurfaceII,NonInvasiveFatalECG_Thorax1,ECG200,SonyAIBORobotSurface,InlineSkate,CinC_ECG_torso,TwoLeadECG,FordB,Two_Patterns,FordA,ItalyPowerDemand,ECGFiveDays,ECG5000,LargeKitchenAppliances,DistalPhalanxTW,FaceAll,InsectWingbeatSound,DistalPhalanxOutlineAgeGroup,Computers,ScreenType,Lighting7,ProximalPhalanxTW,DistalPhalanxOutlineCorrect,MiddlePhalanxTW,MedicalImages,ProximalPhalanxOutlineAgeGroup,CBF,MiddlePhalanxOutlineAgeGroup,MiddlePhalanxOutlineCorrect,Ham,ChlorineConcentration,Lighting2,50words,WordsSynonyms,ProximalPhalanxOutlineCorrect,PhalangesOutlinesCorrect,MALLAT,Gun_Point,OliveOil,Strawberry,WormsTwoClass,Meat,Beef,ArrowHead,Coffee,Wine,HandOutlines
DistalPhalanxOutlineAgeGroup,InsectWingbeatSound,LargeKitchenAppliances,Earthquakes,uWaveGestureLibrary_Y,CBF,ToeSegmentation1,FaceAll,WordsSynonyms,Cricket_X,Cricket_Y,Lighting7,Phoneme,CinC_ECG_torso,50words,Symbols,MedicalImages,InlineSkate,synthetic_control,Computers,uWaveGestureLibrary_X,ChlorineConcentration,SonyAIBORobotSurfaceII,RefrigerationDevices,FacesUCR,Ham,ShapesAll,Lighting2,ECG5000,ScreenType,UWaveGestureLibraryAll,MoteStrain,Cricket_Z,FordA,ECGFiveDays,ItalyPowerDemand,ToeSegmentation2,uWaveGestureLibrary_Z,SmallKitchenAppliances,MALLAT,Two_Patterns,Worms,Gun_Point,OliveOil,TwoLeadECG,FordB,ECG200,DistalPhalanxTW,Strawberry,OSULeaf,wafer,SonyAIBORobotSurface,DistalPhalanxOutlineCorrect,WormsTwoClass,PhalangesOutlinesCorrect,MiddlePhalanxOutlineAgeGroup,MiddlePhalanxOutlineCorrect,MiddlePhalanxTW,Meat,Trace,ShapeletSim,ProximalPhalanxTW,BeetleFly,ProximalPhalanxOutlineAgeGroup,ProximalPhalanxOutlineCorrect,BirdChicken,Beef,ArrowHead,Coffee,Adiac,Wine,yoga,Plane,HandOutlines,SwedishLeaf,DiatomSizeReduction,Car,Haptics,FISH,Herring,NonInvasiveFatalECG_Thorax2,FaceFour,NonInvasiveFatalECG_Thorax1
DistalPhalanxOutlineCorrect,MoteStrain,InlineSkate,ChlorineConcentration,Ham,ECG5000,MedicalImages,Lighting7,Lighting2,ShapesAll,RefrigerationDevices,InsectWingbeatSound,Cricket_X,Phoneme,Cricket_Z,50words,FaceAll,Computers,ItalyPowerDemand,ScreenType,synthetic_control,CBF,Symbols,uWaveGestureLibrary_Y,Earthquakes,SonyAIBORobotSurfaceII,WordsSynonyms,uWaveGestureLibrary_X,Cricket_Y,ECGFiveDays,UWaveGestureLibraryAll,CinC_ECG_torso,LargeKitchenAppliances,ToeSegmentation1,uWaveGestureLibrary_Z,FacesUCR,MALLAT,FordA,Worms,Gun_Point,OliveOil,ToeSegmentation2,SmallKitchenAppliances,Two_Patterns,Strawberry,TwoLeadECG,FordB,DistalPhalanxOutlineAgeGroup,wafer,ECG200,DistalPhalanxTW,OSULeaf,WormsTwoClass,MiddlePhalanxOutlineAgeGroup,SonyAIBORobotSurface,MiddlePhalanxOutlineCorrect,MiddlePhalanxTW,Meat,PhalangesOutlinesCorrect,Trace,ShapeletSim,Beef,BeetleFly,ArrowHead,Coffee,BirdChicken,Wine,ProximalPhalanxOutlineAgeGroup,ProximalPhalanxOutlineCorrect,ProximalPhalanxTW,Adiac,yoga,HandOutlines,Plane,SwedishLeaf,DiatomSizeReduction,Car,Haptics,FISH,Herring,NonInvasiveFatalECG_Thorax2,FaceFour,NonInvasiveFatalECG_Thorax1
DistalPhalanxTW,Earthquakes,uWaveGestureLibrary_Y,CBF,FordA,Strawberry,Symbols,InlineSkate,Phoneme,LargeKitchenAppliances,Computers,InsectWingbeatSound,FaceAll,50words,WordsSynonyms,Lighting7,Cricket_X,MALLAT,RefrigerationDevices,uWaveGestureLibrary_X,FacesUCR,MedicalImages,CinC_ECG_torso,ScreenType,UWaveGestureLibraryAll,Cricket_Y,ShapesAll,ToeSegmentation1,ECG5000,MoteStrain,SonyAIBORobotSurfaceII,ToeSegmentation2,wafer,Ham,SmallKitchenAppliances,Cricket_Z,ECGFiveDays,uWaveGestureLibrary_Z,ItalyPowerDemand,ChlorineConcentration,OliveOil,Two_Patterns,Gun_Point,Worms,Lighting2,WormsTwoClass,synthetic_control,TwoLeadECG,FordB,ECG200,OSULeaf,DistalPhalanxOutlineAgeGroup,Meat,SonyAIBORobotSurface,DistalPhalanxOutlineCorrect,Beef,ArrowHead,Trace,Coffee,MiddlePhalanxOutlineAgeGroup,MiddlePhalanxTW,Wine,ShapeletSim,MiddlePhalanxOutlineCorrect,BeetleFly,BirdChicken,PhalangesOutlinesCorrect,ProximalPhalanxTW,Adiac,ProximalPhalanxOutlineCorrect,ProximalPhalanxOutlineAgeGroup,HandOutlines,yoga,Plane,SwedishLeaf,DiatomSizeReduction,Car,Haptics,FISH,Herring,NonInvasiveFatalECG_Thorax2,FaceFour,NonInvasiveFatalECG_Thorax1
ECG200,Cricket_Y,uWaveGestureLibrary_X,UWaveGestureLibraryAll,Cricket_Z,Phoneme,FordB,TwoLeadECG,ShapesAll,Worms,SonyAIBORobotSurfaceII,uWaveGestureLibrary_Z,synthetic_control,Two_Patterns,CinC_ECG_torso,uWaveGestureLibrary_Y,Cricket_X,FordA,SonyAIBORobotSurface,OSULeaf,ItalyPowerDemand,ECGFiveDays,Symbols,SmallKitchenAppliances,ECG5000,InlineSkate,Trace,ToeSegmentation2,LargeKitchenAppliances,DistalPhalanxTW,ShapeletSim,RefrigerationDevices,FacesUCR,MoteStrain,BeetleFly,FaceAll,ToeSegmentation1,InsectWingbeatSound,DistalPhalanxOutlineAgeGroup,Computers,BirdChicken,ScreenType,Adiac,Lighting7,ProximalPhalanxTW,DistalPhalanxOutlineCorrect,MiddlePhalanxTW,MedicalImages,ProximalPhalanxOutlineAgeGroup,CBF,Earthquakes,MiddlePhalanxOutlineAgeGroup,MiddlePhalanxOutlineCorrect,Ham,wafer,yoga,ChlorineConcentration,Lighting2,50words,WordsSynonyms,ProximalPhalanxOutlineCorrect,Plane,PhalangesOutlinesCorrect,SwedishLeaf,MALLAT,DiatomSizeReduction,Gun_Point,OliveOil,Car,Strawberry,Haptics,WormsTwoClass,FISH,Herring,Meat,Beef,NonInvasiveFatalECG_Thorax2,ArrowHead,Coffee,Wine,FaceFour,HandOutlines,NonInvasiveFatalECG_Thorax1
ECG5000,MedicalImages,WordsSynonyms,ShapesAll,MiddlePhalanxTW,Lighting7,InlineSkate,Symbols,FaceAll,MoteStrain,Cricket_Z,SmallKitchenAppliances,InsectWingbeatSound,DistalPhalanxOutlineCorrect,uWaveGestureLibrary_Y,Phoneme,ToeSegmentation2,uWaveGestureLibrary_Z,ProximalPhalanxTW,FacesUCR,50words,CinC_ECG_torso,wafer,Computers,ECGFiveDays,Beef,DistalPhalanxTW,ItalyPowerDemand,Two_Patterns,ProximalPhalanxOutlineAgeGroup,Cricket_X,CBF,Earthquakes,LargeKitchenAppliances,DistalPhalanxOutlineAgeGroup,ScreenType,MiddlePhalanxOutlineAgeGroup,FordA,UWaveGestureLibraryAll,MALLAT,Strawberry,WormsTwoClass,Cricket_Y,uWaveGestureLibrary_X,ArrowHead,RefrigerationDevices,TwoLeadECG,SonyAIBORobotSurfaceII,MiddlePhalanxOutlineCorrect,Coffee,Ham,Worms,FordB,Wine,ECG200,ToeSegmentation1,ChlorineConcentration,OliveOil,Lighting2,Gun_Point,synthetic_control,ProximalPhalanxOutlineCorrect,OSULeaf,Meat,PhalangesOutlinesCorrect,SonyAIBORobotSurface,HandOutlines,Trace,ShapeletSim,BeetleFly,BirdChicken,Adiac,yoga,Plane,SwedishLeaf,DiatomSizeReduction,Car,Haptics,FISH,Herring,NonInvasiveFatalECG_Thorax2,FaceFour,NonInvasiveFatalECG_Thorax1
ECGFiveDays,uWaveGestureLibrary_X,Cricket_Z,SmallKitchenAppliances,ScreenType,InsectWingbeatSound,uWaveGestureLibrary_Y,ShapesAll,Cricket_Y,ItalyPowerDemand,Two_Patterns,uWaveGestureLibrary_Z,Cricket_X,FaceAll,Phoneme,Symbols,FordA,UWaveGestureLibraryAll,ECG5000,ToeSegmentation2,InlineSkate,CinC_ECG_torso,DistalPhalanxTW,Computers,TwoLeadECG,Lighting7,Worms,ProximalPhalanxTW,FordB,LargeKitchenAppliances,DistalPhalanxOutlineCorrect,DistalPhalanxOutlineAgeGroup,MoteStrain,ToeSegmentation1,MiddlePhalanxTW,MedicalImages,ECG200,RefrigerationDevices,FacesUCR,ProximalPhalanxOutlineAgeGroup,CBF,Earthquakes,MiddlePhalanxOutlineAgeGroup,OSULeaf,SonyAIBORobotSurfaceII,MiddlePhalanxOutlineCorrect,Ham,ChlorineConcentration,SonyAIBORobotSurface,Lighting2,50words,synthetic_control,WordsSynonyms,ProximalPhalanxOutlineCorrect,PhalangesOutlinesCorrect,MALLAT,Gun_Point,OliveOil,Trace,ShapeletSim,Strawberry,BeetleFly,wafer,BirdChicken,WormsTwoClass,Adiac,Meat,yoga,Plane,SwedishLeaf,Beef,ArrowHead,DiatomSizeReduction,Coffee,Wine,Car,Haptics,FISH,HandOutlines,Herring,NonInvasiveFatalECG_Thorax2,FaceFour,NonInvasiveFatalECG_Thorax1
Earthquakes,DistalPhalanxTW,uWaveGestureLibrary_Y,CBF,DistalPhalanxOutlineAgeGroup,ProximalPhalanxOutlineAgeGroup,MiddlePhalanxOutlineAgeGroup,InsectWingbeatSound,FISH,Symbols,Lighting7,MedicalImages,Phoneme,FaceAll,Computers,MiddlePhalanxTW,uWaveGestureLibrary_X,SwedishLeaf,Cricket_X,SonyAIBORobotSurfaceII,ECG5000,MiddlePhalanxOutlineCorrect,ProximalPhalanxTW,Ham,InlineSkate,MoteStrain,DistalPhalanxOutlineCorrect,Cricket_Z,Adiac,ChlorineConcentration,DiatomSizeReduction,ItalyPowerDemand,ScreenType,Lighting2,RefrigerationDevices,OSULeaf,Cricket_Y,50words,ECGFiveDays,synthetic_control,WordsSynonyms,UWaveGestureLibraryAll,ProximalPhalanxOutlineCorrect,Car,CinC_ECG_torso,PhalangesOutlinesCorrect,LargeKitchenAppliances,ToeSegmentation1,Haptics,FacesUCR,uWaveGestureLibrary_Z,NonInvasiveFatalECG_Thorax2,FordA,MALLAT,ToeSegmentation2,SmallKitchenAppliances,Worms,Gun_Point,OliveOil,Two_Patterns,Plane,TwoLeadECG,FordB,ShapeletSim,Strawberry,FaceFour,ECG200,wafer,WormsTwoClass,SonyAIBORobotSurface,yoga,NonInvasiveFatalECG_Thorax1,Meat,Trace,Beef,ArrowHead,Coffee,Wine,HandOutlines,ShapesAll,BeetleFly,BirdChicken,Herring
FISH,Herring,DiatomSizeReduction,Symbols,SwedishLeaf,Adiac,ShapesAll,Earthquakes,BeetleFly,OSULeaf,RefrigerationDevices,Phoneme,Car,Haptics,BirdChicken,NonInvasiveFatalECG_Thorax2,synthetic_control,ShapeletSim,Plane,FaceFour,ToeSegmentation2,yoga,Cricket_Z,wafer,ToeSegmentation1,NonInvasiveFatalECG_Thorax1,UWaveGestureLibraryAll,uWaveGestureLibrary_Y,FacesUCR,uWaveGestureLibrary_X,Cricket_X,Worms,Trace,SmallKitchenAppliances,MoteStrain,Cricket_Y,uWaveGestureLibrary_Z,SonyAIBORobotSurfaceII,ECG200,SonyAIBORobotSurface,InlineSkate,CinC_ECG_torso,TwoLeadECG,FordB,Two_Patterns,FordA,ItalyPowerDemand,ECGFiveDays,ECG5000,LargeKitchenAppliances,DistalPhalanxTW,FaceAll,InsectWingbeatSound,DistalPhalanxOutlineAgeGroup,Computers,ScreenType,Lighting7,ProximalPhalanxTW,DistalPhalanxOutlineCorrect,MiddlePhalanxTW,MedicalImages,ProximalPhalanxOutlineAgeGroup,CBF,MiddlePhalanxOutlineAgeGroup,MiddlePhalanxOutlineCorrect,Ham,ChlorineConcentration,Lighting2,50words,WordsSynonyms,ProximalPhalanxOutlineCorrect,PhalangesOutlinesCorrect,MALLAT,Gun_Point,OliveOil,Strawberry,WormsTwoClass,Meat,Beef,ArrowHead,Coffee,Wine,HandOutlines
FaceAll,Computers,50words,InlineSkate,WordsSynonyms,MiddlePhalanxOutlineCorrect,ProximalPhalanxTW,ItalyPowerDemand,InsectWingbeatSound,SonyAIBORobotSurfaceII,LargeKitchenAppliances,Phoneme,Cricket_Z,Ham,Lighting7,uWaveGestureLibrary_X,PhalangesOutlinesCorrect,CBF,MALLAT,ScreenType,DistalPhalanxOutlineAgeGroup,uWaveGestureLibrary_Y,CinC_ECG_torso,MedicalImages,ECG5000,DistalPhalanxTW,ToeSegmentation1,Lighting2,Cricket_X,Cricket_Y,Symbols,MiddlePhalanxTW,uWaveGestureLibrary_Z,OliveOil,UWaveGestureLibraryAll,ProximalPhalanxOutlineAgeGroup,Strawberry,ECGFiveDays,wafer,Earthquakes,MiddlePhalanxOutlineAgeGroup,ShapesAll,RefrigerationDevices,Gun_Point,ProximalPhalanxOutlineCorrect,WormsTwoClass,MoteStrain,DistalPhalanxOutlineCorrect,Worms,ChlorineConcentration,FordA,synthetic_control,ToeSegmentation2,SmallKitchenAppliances,Two_Patterns,Meat,TwoLeadECG,FordB,ECG200,OSULeaf,SonyAIBORobotSurface,Beef,ArrowHead,Coffee,Wine,Trace,ShapeletSim,BeetleFly,BirdChicken,HandOutlines,Adiac,yoga,Plane,SwedishLeaf,DiatomSizeReduction,Car,Haptics,FISH,Herring,NonInvasiveFatalECG_Thorax2,FaceFour,NonInvasiveFatalECG_Thorax1,FacesUCR
FaceFour,Plane,NonInvasiveFatalECG_Thorax1,NonInvasiveFatalECG_Thorax2,SwedishLeaf,Phoneme,OSULeaf,ShapesAll,Symbols,FISH,Earthquakes,Herring,Adiac,DiatomSizeReduction,RefrigerationDevices,BeetleFly,Car,Haptics,BirdChicken,synthetic_control,ShapeletSim,ToeSegmentation2,yoga,Cricket_Z,wafer,ToeSegmentation1,UWaveGestureLibraryAll,uWaveGestureLibrary_Y,FacesUCR,uWaveGestureLibrary_X,Cricket_X,Worms,Trace,SmallKitchenAppliances,MoteStrain,Cricket_Y,uWaveGestureLibrary_Z,SonyAIBORobotSurfaceII,ECG200,SonyAIBORobotSurface,InlineSkate,CinC_ECG_torso,TwoLeadECG,FordB,Two_Patterns,FordA,ItalyPowerDemand,ECGFiveDays,ECG5000,LargeKitchenAppliances,DistalPhalanxTW,FaceAll,InsectWingbeatSound,DistalPhalanxOutlineAgeGroup,Computers,ScreenType,Lighting7,ProximalPhalanxTW,DistalPhalanxOutlineCorrect,MiddlePhalanxTW,MedicalImages,ProximalPhalanxOutlineAgeGroup,CBF,MiddlePhalanxOutlineAgeGroup,MiddlePhalanxOutlineCorrect,Ham,ChlorineConcentration,Lighting2,50words,WordsSynonyms,ProximalPhalanxOutlineCorrect,PhalangesOutlinesCorrect,MALLAT,Gun_Point,OliveOil,Strawberry,WormsTwoClass,Meat,Beef,ArrowHead,Coffee,Wine,HandOutlines
FacesUCR,MedicalImages,50words,Gun_Point,Meat,uWaveGestureLibrary_X,Phoneme,HandOutlines,MALLAT,RefrigerationDevices,ProximalPhalanxOutlineAgeGroup,synthetic_control,WordsSynonyms,uWaveGestureLibrary_Y,Cricket_Y,ShapesAll,Beef,Worms,OliveOil,uWaveGestureLibrary_Z,ProximalPhalanxTW,ArrowHead,Coffee,Wine,DistalPhalanxTW,ECG5000,InlineSkate,LargeKitchenAppliances,BirdChicken,UWaveGestureLibraryAll,ProximalPhalanxOutlineCorrect,PhalangesOutlinesCorrect,FordA,Lighting7,CBF,Cricket_Z,ToeSegmentation1,InsectWingbeatSound,DistalPhalanxOutlineAgeGroup,WormsTwoClass,Cricket_X,Lighting2,CinC_ECG_torso,Computers,ToeSegmentation2,Trace,SmallKitchenAppliances,BeetleFly,Adiac,ScreenType,Symbols,MiddlePhalanxTW,MoteStrain,Strawberry,MiddlePhalanxOutlineCorrect,ECGFiveDays,ItalyPowerDemand,ShapeletSim,Two_Patterns,MiddlePhalanxOutlineAgeGroup,wafer,ChlorineConcentration,TwoLeadECG,DistalPhalanxOutlineCorrect,FordB,Ham,ECG200,yoga,SonyAIBORobotSurfaceII,Earthquakes,OSULeaf,Plane,SonyAIBORobotSurface,SwedishLeaf,DiatomSizeReduction,Car,Haptics,FISH,Herring,NonInvasiveFatalECG_Thorax2,NonInvasiveFatalECG_Thorax1,FaceFour,FaceAll
FordA,DistalPhalanxTW,Phoneme,UWaveGestureLibraryAll,Cricket_X,LargeKitchenAppliances,Two_Patterns,InlineSkate,ItalyPowerDemand,Cricket_Z,uWaveGestureLibrary_Z,uWaveGestureLibrary_Y,ECGFiveDays,RefrigerationDevices,uWaveGestureLibrary_X,FacesUCR,SmallKitchenAppliances,TwoLeadECG,Cricket_Y,CinC_ECG_torso,ShapesAll,Worms,ToeSegmentation2,Symbols,FaceAll,ECG5000,ToeSegmentation1,InsectWingbeatSound,DistalPhalanxOutlineAgeGroup,ECG200,Computers,ScreenType,OSULeaf,SonyAIBORobotSurface,Lighting7,ProximalPhalanxTW,DistalPhalanxOutlineCorrect,MoteStrain,MiddlePhalanxTW,MedicalImages,ProximalPhalanxOutlineAgeGroup,CBF,Earthquakes,MiddlePhalanxOutlineAgeGroup,SonyAIBORobotSurfaceII,MiddlePhalanxOutlineCorrect,Ham,ChlorineConcentration,synthetic_control,Lighting2,50words,WordsSynonyms,ProximalPhalanxOutlineCorrect,Trace,PhalangesOutlinesCorrect,MALLAT,BeetleFly,BirdChicken,Gun_Point,OliveOil,Strawberry,Adiac,wafer,WormsTwoClass,yoga,Plane,Meat,SwedishLeaf,DiatomSizeReduction,Car,Beef,Haptics,ArrowHead,Coffee,Wine,FISH,Herring,HandOutlines,NonInvasiveFatalECG_Thorax2,FaceFour,NonInvasiveFatalECG_Thorax1,FordB,ShapeletSim
FordB,Cricket_Y,TwoLeadECG,Worms,UWaveGestureLibraryAll,Phoneme,ECG200,Cricket_Z,uWaveGestureLibrary_Z,Two_Patterns,CinC_ECG_torso,Cricket_X,ItalyPowerDemand,OSULeaf,ECGFiveDays,SmallKitchenAppliances,Symbols,ECG5000,InlineSkate,ToeSegmentation2,ShapesAll,SonyAIBORobotSurface,LargeKitchenAppliances,DistalPhalanxTW,uWaveGestureLibrary_Y,RefrigerationDevices,uWaveGestureLibrary_X,FacesUCR,FaceAll,ToeSegmentation1,InsectWingbeatSound,DistalPhalanxOutlineAgeGroup,Computers,ScreenType,SonyAIBORobotSurfaceII,synthetic_control,Lighting7,ProximalPhalanxTW,DistalPhalanxOutlineCorrect,MoteStrain,MiddlePhalanxTW,Trace,MedicalImages,ProximalPhalanxOutlineAgeGroup,CBF,Earthquakes,MiddlePhalanxOutlineAgeGroup,MiddlePhalanxOutlineCorrect,Ham,BeetleFly,ChlorineConcentration,BirdChicken,Lighting2,50words,WordsSynonyms,ProximalPhalanxOutlineCorrect,PhalangesOutlinesCorrect,Adiac,MALLAT,wafer,Gun_Point,yoga,OliveOil,Strawberry,Plane,SwedishLeaf,WormsTwoClass,DiatomSizeReduction,Car,Meat,Haptics,FISH,Herring,Beef,ArrowHead,Coffee,Wine,NonInvasiveFatalECG_Thorax2,HandOutlines,FaceFour,NonInvasiveFatalECG_Thorax1,FordA,ShapeletSim
Gun_Point,FacesUCR,MALLAT,ProximalPhalanxOutlineAgeGroup,50words,WordsSynonyms,Phoneme,OliveOil,ShapesAll,Worms,MedicalImages,FaceAll,ProximalPhalanxOutlineCorrect,CBF,Lighting7,CinC_ECG_torso,ProximalPhalanxTW,uWaveGestureLibrary_Z,MiddlePhalanxTW,UWaveGestureLibraryAll,DistalPhalanxTW,Strawberry,PhalangesOutlinesCorrect,Cricket_Z,Lighting2,Cricket_X,wafer,uWaveGestureLibrary_X,InsectWingbeatSound,ECG5000,uWaveGestureLibrary_Y,MiddlePhalanxOutlineCorrect,DistalPhalanxOutlineAgeGroup,MiddlePhalanxOutlineAgeGroup,synthetic_control,ChlorineConcentration,WormsTwoClass,Cricket_Y,RefrigerationDevices,DistalPhalanxOutlineCorrect,Ham,SonyAIBORobotSurfaceII,Earthquakes,Symbols,Computers,Meat,InlineSkate,MoteStrain,ItalyPowerDemand,ScreenType,ECGFiveDays,LargeKitchenAppliances,ToeSegmentation1,FordA,Beef,ToeSegmentation2,ArrowHead,SmallKitchenAppliances,Coffee,Wine,Two_Patterns,TwoLeadECG,FordB,ECG200,OSULeaf,SonyAIBORobotSurface,HandOutlines,Trace,ShapeletSim,BeetleFly,BirdChicken,Adiac,yoga,Plane,SwedishLeaf,DiatomSizeReduction,Car,Haptics,FISH,Herring,NonInvasiveFatalECG_Thorax2,FaceFour,NonInvasiveFatalECG_Thorax1
Ham,ProximalPhalanxTW,MiddlePhalanxOutlineCorrect,FaceAll,ChlorineConcentration,MedicalImages,MiddlePhalanxTW,SonyAIBORobotSurfaceII,Phoneme,DistalPhalanxOutlineCorrect,Cricket_X,ProximalPhalanxOutlineAgeGroup,InsectWingbeatSound,uWaveGestureLibrary_X,MiddlePhalanxOutlineAgeGroup,ShapesAll,Cricket_Z,Lighting2,RefrigerationDevices,Lighting7,DistalPhalanxOutlineAgeGroup,50words,Earthquakes,DistalPhalanxTW,uWaveGestureLibrary_Y,CBF,synthetic_control,Symbols,Computers,WordsSynonyms,ECG5000,ProximalPhalanxOutlineCorrect,InlineSkate,MoteStrain,PhalangesOutlinesCorrect,ItalyPowerDemand,ScreenType,UWaveGestureLibraryAll,Cricket_Y,ECGFiveDays,uWaveGestureLibrary_Z,FacesUCR,MALLAT,CinC_ECG_torso,LargeKitchenAppliances,Worms,ToeSegmentation1,Gun_Point,OliveOil,FordA,Strawberry,ToeSegmentation2,SmallKitchenAppliances,wafer,Two_Patterns,TwoLeadECG,FordB,WormsTwoClass,ECG200,OSULeaf,SonyAIBORobotSurface,Meat,Beef,Trace,ArrowHead,Coffee,ShapeletSim,Wine,BeetleFly,BirdChicken,Adiac,HandOutlines,yoga,Plane,SwedishLeaf,DiatomSizeReduction,Car,Haptics,FISH,Herring,NonInvasiveFatalECG_Thorax2,FaceFour,NonInvasiveFatalECG_Thorax1
HandOutlines,50words,FacesUCR,Worms,Phoneme,ArrowHead,Wine,Coffee,Beef,ECG5000,MedicalImages,WordsSynonyms,Meat,synthetic_control,uWaveGestureLibrary_Y,WormsTwoClass,Cricket_Y,FaceAll,Lighting7,wafer,MALLAT,Strawberry,DistalPhalanxTW,MiddlePhalanxTW,ProximalPhalanxTW,CinC_ECG_torso,CBF,OliveOil,Gun_Point,ProximalPhalanxOutlineAgeGroup,ShapesAll,ProximalPhalanxOutlineCorrect,uWaveGestureLibrary_Z,UWaveGestureLibraryAll,PhalangesOutlinesCorrect,Cricket_Z,Lighting2,Cricket_X,uWaveGestureLibrary_X,InsectWingbeatSound,MiddlePhalanxOutlineCorrect,DistalPhalanxOutlineAgeGroup,MiddlePhalanxOutlineAgeGroup,ChlorineConcentration,RefrigerationDevices,DistalPhalanxOutlineCorrect,Ham,SonyAIBORobotSurfaceII,Earthquakes,Symbols,Computers,InlineSkate,MoteStrain,ItalyPowerDemand,ScreenType,ECGFiveDays,LargeKitchenAppliances,ToeSegmentation1,FordA,ToeSegmentation2,SmallKitchenAppliances,Two_Patterns,TwoLeadECG,FordB,ECG200,OSULeaf,SonyAIBORobotSurface,Trace,ShapeletSim,BeetleFly,BirdChicken,Adiac,yoga,Plane,SwedishLeaf,DiatomSizeReduction,Car,Haptics,FISH,Herring,NonInvasiveFatalECG_Thorax2,FaceFour,NonInvasiveFatalECG_Thorax1
Haptics,BirdChicken,Adiac,Phoneme,ShapesAll,Car,OSULeaf,SwedishLeaf,BeetleFly,FISH,DiatomSizeReduction,RefrigerationDevices,Symbols,synthetic_control,Herring,ShapeletSim,Earthquakes,Plane,ToeSegmentation2,yoga,Cricket_Z,wafer,NonInvasiveFatalECG_Thorax2,ToeSegmentation1,UWaveGestureLibraryAll,uWaveGestureLibrary_Y,FacesUCR,uWaveGestureLibrary_X,FaceFour,Cricket_X,Worms,Trace,SmallKitchenAppliances,MoteStrain,Cricket_Y,uWaveGestureLibrary_Z,SonyAIBORobotSurfaceII,NonInvasiveFatalECG_Thorax1,ECG200,SonyAIBORobotSurface,InlineSkate,CinC_ECG_torso,TwoLeadECG,FordB,Two_Patterns,FordA,ItalyPowerDemand,ECGFiveDays,ECG5000,LargeKitchenAppliances,DistalPhalanxTW,FaceAll,InsectWingbeatSound,DistalPhalanxOutlineAgeGroup,Computers,ScreenType,Lighting7,ProximalPhalanxTW,DistalPhalanxOutlineCorrect,MiddlePhalanxTW,MedicalImages,ProximalPhalanxOutlineAgeGroup,CBF,MiddlePhalanxOutlineAgeGroup,MiddlePhalanxOutlineCorrect,Ham,ChlorineConcentration,Lighting2,50words,WordsSynonyms,ProximalPhalanxOutlineCorrect,PhalangesOutlinesCorrect,MALLAT,Gun_Point,OliveOil,Strawberry,WormsTwoClass,Meat,Beef,ArrowHead,Coffee,Wine,HandOutlines
Herring,FISH,Phoneme,SwedishLeaf,Symbols,Adiac,DiatomSizeReduction,RefrigerationDevices,OSULeaf,Car,Haptics,NonInvasiveFatalECG_Thorax2,synthetic_control,ShapeletSim,Plane,FaceFour,ToeSegmentation2,yoga,Cricket_Z,wafer,NonInvasiveFatalECG_Thorax1,ToeSegmentation1,UWaveGestureLibraryAll,uWaveGestureLibrary_Y,FacesUCR,uWaveGestureLibrary_X,Cricket_X,Worms,Trace,SmallKitchenAppliances,MoteStrain,Cricket_Y,uWaveGestureLibrary_Z,SonyAIBORobotSurfaceII,ECG200,SonyAIBORobotSurface,InlineSkate,CinC_ECG_torso,TwoLeadECG,FordB,Two_Patterns,FordA,ItalyPowerDemand,ECGFiveDays,ECG5000,LargeKitchenAppliances,DistalPhalanxTW,FaceAll,InsectWingbeatSound,DistalPhalanxOutlineAgeGroup,Computers,ScreenType,Lighting7,ProximalPhalanxTW,DistalPhalanxOutlineCorrect,MiddlePhalanxTW,MedicalImages,ProximalPhalanxOutlineAgeGroup,CBF,MiddlePhalanxOutlineAgeGroup,MiddlePhalanxOutlineCorrect,Ham,ChlorineConcentration,Lighting2,50words,WordsSynonyms,ProximalPhalanxOutlineCorrect,PhalangesOutlinesCorrect,MALLAT,Gun_Point,OliveOil,Strawberry,WormsTwoClass,Meat,Beef,ArrowHead,Coffee,Wine,HandOutlines,ShapesAll,BirdChicken,BeetleFly,Earthquakes
InlineSkate,FaceAll,LargeKitchenAppliances,MiddlePhalanxTW,MoteStrain,Computers,Phoneme,ShapesAll,DistalPhalanxTW,Cricket_X,ECG5000,ToeSegmentation2,MedicalImages,DistalPhalanxOutlineCorrect,CinC_ECG_torso,FordA,SmallKitchenAppliances,Cricket_Z,ProximalPhalanxTW,Cricket_Y,InsectWingbeatSound,SonyAIBORobotSurface,ToeSegmentation1,uWaveGestureLibrary_X,Lighting7,DistalPhalanxOutlineAgeGroup,FacesUCR,RefrigerationDevices,Symbols,ScreenType,UWaveGestureLibraryAll,uWaveGestureLibrary_Y,uWaveGestureLibrary_Z,Worms,ItalyPowerDemand,ProximalPhalanxOutlineAgeGroup,ECGFiveDays,OSULeaf,CBF,Earthquakes,MiddlePhalanxOutlineAgeGroup,Two_Patterns,SonyAIBORobotSurfaceII,MiddlePhalanxOutlineCorrect,Ham,TwoLeadECG,FordB,ECG200,ChlorineConcentration,Lighting2,50words,synthetic_control,WordsSynonyms,ProximalPhalanxOutlineCorrect,PhalangesOutlinesCorrect,Trace,MALLAT,ShapeletSim,BeetleFly,Gun_Point,OliveOil,BirdChicken,Strawberry,Adiac,wafer,WormsTwoClass,yoga,Meat,Plane,SwedishLeaf,DiatomSizeReduction,Beef,Car,ArrowHead,Coffee,Haptics,Wine,FISH,Herring,HandOutlines,NonInvasiveFatalECG_Thorax2,FaceFour,NonInvasiveFatalECG_Thorax1
InsectWingbeatSound,MiddlePhalanxOutlineAgeGroup,uWaveGestureLibrary_X,Lighting7,FaceAll,Computers,DistalPhalanxOutlineAgeGroup,Cricket_Y,MiddlePhalanxTW,ToeSegmentation1,ItalyPowerDemand,LargeKitchenAppliances,MedicalImages,Cricket_X,ECGFiveDays,ScreenType,Earthquakes,DistalPhalanxTW,uWaveGestureLibrary_Y,CBF,PhalangesOutlinesCorrect,ShapesAll,Phoneme,Symbols,ECG5000,CinC_ECG_torso,ProximalPhalanxOutlineAgeGroup,SonyAIBORobotSurfaceII,WordsSynonyms,MiddlePhalanxOutlineCorrect,ProximalPhalanxTW,InlineSkate,Ham,MoteStrain,DistalPhalanxOutlineCorrect,ProximalPhalanxOutlineCorrect,50words,Lighting2,UWaveGestureLibraryAll,Cricket_Z,FacesUCR,RefrigerationDevices,ChlorineConcentration,synthetic_control,FordA,uWaveGestureLibrary_Z,MALLAT,ToeSegmentation2,SmallKitchenAppliances,Worms,Gun_Point,OliveOil,Two_Patterns,TwoLeadECG,FordB,ECG200,Strawberry,wafer,OSULeaf,WormsTwoClass,SonyAIBORobotSurface,Meat,Trace,ShapeletSim,BeetleFly,Beef,BirdChicken,ArrowHead,Coffee,Wine,Adiac,yoga,Plane,HandOutlines,SwedishLeaf,DiatomSizeReduction,Car,Haptics,FISH,Herring,NonInvasiveFatalECG_Thorax2,FaceFour,NonInvasiveFatalECG_Thorax1
ItalyPowerDemand,Two_Patterns,FaceAll,InsectWingbeatSound,ScreenType,Cricket_Z,ECGFiveDays,Phoneme,SmallKitchenAppliances,FordA,UWaveGestureLibraryAll,Cricket_X,uWaveGestureLibrary_Z,Lighting7,ProximalPhalanxTW,Symbols,DistalPhalanxOutlineCorrect,Cricket_Y,ECG5000,uWaveGestureLibrary_X,MoteStrain,InlineSkate,MiddlePhalanxTW,MedicalImages,uWaveGestureLibrary_Y,ShapesAll,TwoLeadECG,ToeSegmentation2,Worms,CinC_ECG_torso,FordB,Computers,DistalPhalanxTW,LargeKitchenAppliances,ECG200,ProximalPhalanxOutlineAgeGroup,CBF,Earthquakes,DistalPhalanxOutlineAgeGroup,MiddlePhalanxOutlineAgeGroup,RefrigerationDevices,FacesUCR,ToeSegmentation1,SonyAIBORobotSurfaceII,MiddlePhalanxOutlineCorrect,Ham,OSULeaf,ChlorineConcentration,Lighting2,50words,SonyAIBORobotSurface,synthetic_control,WordsSynonyms,ProximalPhalanxOutlineCorrect,PhalangesOutlinesCorrect,MALLAT,Gun_Point,OliveOil,Trace,Strawberry,ShapeletSim,BeetleFly,wafer,BirdChicken,WormsTwoClass,Adiac,Meat,yoga,Plane,SwedishLeaf,Beef,ArrowHead,Coffee,DiatomSizeReduction,Wine,Car,Haptics,FISH,HandOutlines,Herring,NonInvasiveFatalECG_Thorax2,FaceFour,NonInvasiveFatalECG_Thorax1
LargeKitchenAppliances,Phoneme,InlineSkate,DistalPhalanxOutlineAgeGroup,FaceAll,Cricket_X,InsectWingbeatSound,DistalPhalanxTW,ToeSegmentation1,FordA,CinC_ECG_torso,Cricket_Y,uWaveGestureLibrary_Y,uWaveGestureLibrary_X,FacesUCR,ShapesAll,ToeSegmentation2,Cricket_Z,ECG5000,UWaveGestureLibraryAll,Symbols,uWaveGestureLibrary_Z,ECGFiveDays,ItalyPowerDemand,Two_Patterns,TwoLeadECG,Worms,Lighting7,FordB,ProximalPhalanxTW,DistalPhalanxOutlineCorrect,MoteStrain,MiddlePhalanxTW,MedicalImages,ECG200,ProximalPhalanxOutlineAgeGroup,CBF,Earthquakes,MiddlePhalanxOutlineAgeGroup,OSULeaf,SonyAIBORobotSurfaceII,MiddlePhalanxOutlineCorrect,Ham,ChlorineConcentration,SonyAIBORobotSurface,Lighting2,50words,synthetic_control,WordsSynonyms,ProximalPhalanxOutlineCorrect,PhalangesOutlinesCorrect,MALLAT,Gun_Point,Trace,OliveOil,ShapeletSim,Strawberry,BeetleFly,wafer,BirdChicken,WormsTwoClass,Adiac,Meat,yoga,Plane,SwedishLeaf,Beef,DiatomSizeReduction,ArrowHead,Coffee,Wine,Car,Haptics,FISH,HandOutlines,Herring,NonInvasiveFatalECG_Thorax2,FaceFour,NonInvasiveFatalECG_Thorax1,ScreenType,Computers,RefrigerationDevices,SmallKitchenAppliances
Lighting2,MedicalImages,WordsSynonyms,Cricket_X,RefrigerationDevices,50words,FaceAll,Cricket_Z,DistalPhalanxOutlineCorrect,ChlorineConcentration,PhalangesOutlinesCorrect,UWaveGestureLibraryAll,Ham,synthetic_control,MiddlePhalanxOutlineAgeGroup,ProximalPhalanxTW,MiddlePhalanxTW,CBF,uWaveGestureLibrary_X,Lighting7,InsectWingbeatSound,uWaveGestureLibrary_Z,ProximalPhalanxOutlineAgeGroup,DistalPhalanxOutlineAgeGroup,FacesUCR,ShapesAll,MALLAT,ProximalPhalanxOutlineCorrect,Phoneme,MiddlePhalanxOutlineCorrect,SonyAIBORobotSurfaceII,Worms,Earthquakes,DistalPhalanxTW,uWaveGestureLibrary_Y,Gun_Point,Symbols,OliveOil,Computers,ECG5000,InlineSkate,MoteStrain,CinC_ECG_torso,ItalyPowerDemand,ScreenType,Strawberry,Cricket_Y,ECGFiveDays,wafer,LargeKitchenAppliances,ToeSegmentation1,WormsTwoClass,FordA,ToeSegmentation2,SmallKitchenAppliances,Two_Patterns,Meat,TwoLeadECG,FordB,ECG200,OSULeaf,SonyAIBORobotSurface,Beef,ArrowHead,Coffee,Wine,Trace,ShapeletSim,BeetleFly,BirdChicken,HandOutlines,Adiac,yoga,Plane,SwedishLeaf,DiatomSizeReduction,Car,Haptics,FISH,Herring,NonInvasiveFatalECG_Thorax2,FaceFour,NonInvasiveFatalECG_Thorax1
Lighting7,WordsSynonyms,InsectWingbeatSound,Cricket_X,50words,FaceAll,ProximalPhalanxTW,ECG5000,CBF,MedicalImages,MiddlePhalanxOutlineAgeGroup,DistalPhalanxOutlineAgeGroup,Phoneme,uWaveGestureLibrary_Y,synthetic_control,MiddlePhalanxOutlineCorrect,MALLAT,uWaveGestureLibrary_X,MiddlePhalanxTW,ShapesAll,Earthquakes,DistalPhalanxOutlineCorrect,DistalPhalanxTW,ProximalPhalanxOutlineCorrect,PhalangesOutlinesCorrect,MoteStrain,ProximalPhalanxOutlineAgeGroup,InlineSkate,ChlorineConcentration,Symbols,ItalyPowerDemand,ScreenType,RefrigerationDevices,wafer,FacesUCR,SonyAIBORobotSurfaceII,Computers,Lighting2,Ham,Worms,uWaveGestureLibrary_Z,Gun_Point,Cricket_Z,UWaveGestureLibraryAll,OliveOil,WormsTwoClass,Cricket_Y,Strawberry,ECGFiveDays,CinC_ECG_torso,LargeKitchenAppliances,ToeSegmentation1,Meat,FordA,ToeSegmentation2,SmallKitchenAppliances,Two_Patterns,TwoLeadECG,FordB,ECG200,Beef,OSULeaf,ArrowHead,Coffee,SonyAIBORobotSurface,Wine,Trace,HandOutlines,ShapeletSim,BeetleFly,BirdChicken,Adiac,yoga,Plane,SwedishLeaf,DiatomSizeReduction,Car,Haptics,FISH,Herring,NonInvasiveFatalECG_Thorax2,FaceFour,NonInvasiveFatalECG_Thorax1
MALLAT,WordsSynonyms,50words,Gun_Point,FacesUCR,MedicalImages,FaceAll,ProximalPhalanxOutlineAgeGroup,ProximalPhalanxTW,Strawberry,ProximalPhalanxOutlineCorrect,ShapesAll,Worms,Lighting7,CinC_ECG_torso,OliveOil,uWaveGestureLibrary_Z,DistalPhalanxTW,MiddlePhalanxTW,UWaveGestureLibraryAll,CBF,PhalangesOutlinesCorrect,wafer,Cricket_Z,Lighting2,Cricket_X,ECG5000,uWaveGestureLibrary_Y,uWaveGestureLibrary_X,InsectWingbeatSound,MiddlePhalanxOutlineCorrect,WormsTwoClass,Cricket_Y,DistalPhalanxOutlineAgeGroup,MiddlePhalanxOutlineAgeGroup,synthetic_control,ChlorineConcentration,RefrigerationDevices,DistalPhalanxOutlineCorrect,Ham,SonyAIBORobotSurfaceII,Meat,Earthquakes,Symbols,Computers,InlineSkate,MoteStrain,ItalyPowerDemand,ScreenType,ECGFiveDays,LargeKitchenAppliances,ToeSegmentation1,Beef,FordA,ArrowHead,Coffee,ToeSegmentation2,Wine,SmallKitchenAppliances,Two_Patterns,TwoLeadECG,FordB,ECG200,OSULeaf,SonyAIBORobotSurface,HandOutlines,Trace,ShapeletSim,BeetleFly,BirdChicken,Adiac,yoga,Plane,SwedishLeaf,DiatomSizeReduction,Car,Haptics,FISH,Herring,NonInvasiveFatalECG_Thorax2,FaceFour,NonInvasiveFatalECG_Thorax1,Phoneme
Meat,FacesUCR,50words,uWaveGestureLibrary_Y,WordsSynonyms,synthetic_control,Phoneme,WormsTwoClass,MedicalImages,Cricket_Y,FaceAll,ECG5000,Lighting7,Beef,wafer,MALLAT,ArrowHead,Strawberry,DistalPhalanxTW,Coffee,MiddlePhalanxTW,Wine,ProximalPhalanxTW,CinC_ECG_torso,CBF,OliveOil,Gun_Point,ProximalPhalanxOutlineAgeGroup,ShapesAll,Worms,ProximalPhalanxOutlineCorrect,uWaveGestureLibrary_Z,UWaveGestureLibraryAll,PhalangesOutlinesCorrect,Cricket_Z,Lighting2,Cricket_X,uWaveGestureLibrary_X,InsectWingbeatSound,MiddlePhalanxOutlineCorrect,DistalPhalanxOutlineAgeGroup,MiddlePhalanxOutlineAgeGroup,HandOutlines,ChlorineConcentration,RefrigerationDevices,DistalPhalanxOutlineCorrect,Ham,SonyAIBORobotSurfaceII,Earthquakes,Symbols,Computers,InlineSkate,MoteStrain,ItalyPowerDemand,ScreenType,ECGFiveDays,LargeKitchenAppliances,ToeSegmentation1,FordA,ToeSegmentation2,SmallKitchenAppliances,Two_Patterns,TwoLeadECG,FordB,ECG200,OSULeaf,SonyAIBORobotSurface,Trace,ShapeletSim,BeetleFly,BirdChicken,Adiac,yoga,Plane,SwedishLeaf,DiatomSizeReduction,Car,Haptics,FISH,Herring,NonInvasiveFatalECG_Thorax2,FaceFour,NonInvasiveFatalECG_Thorax1
MedicalImages,50words,FacesUCR,ECG5000,Lighting2,RefrigerationDevices,MALLAT,ShapesAll,WordsSynonyms,Ham,MiddlePhalanxTW,InsectWingbeatSound,ProximalPhalanxTW,MiddlePhalanxOutlineCorrect,InlineSkate,Lighting7,FaceAll,ChlorineConcentration,MiddlePhalanxOutlineAgeGroup,MoteStrain,SonyAIBORobotSurfaceII,Phoneme,Worms,ProximalPhalanxOutlineCorrect,Cricket_Z,DistalPhalanxOutlineCorrect,uWaveGestureLibrary_X,ProximalPhalanxOutlineAgeGroup,Cricket_X,DistalPhalanxOutlineAgeGroup,Gun_Point,synthetic_control,Earthquakes,DistalPhalanxTW,uWaveGestureLibrary_Y,CBF,Computers,OliveOil,Symbols,ItalyPowerDemand,ScreenType,uWaveGestureLibrary_Z,CinC_ECG_torso,UWaveGestureLibraryAll,PhalangesOutlinesCorrect,Cricket_Y,ECGFiveDays,Beef,Strawberry,Meat,ArrowHead,wafer,LargeKitchenAppliances,Coffee,ToeSegmentation1,Wine,WormsTwoClass,FordA,ToeSegmentation2,SmallKitchenAppliances,Two_Patterns,TwoLeadECG,FordB,ECG200,HandOutlines,OSULeaf,SonyAIBORobotSurface,Trace,ShapeletSim,BeetleFly,BirdChicken,Adiac,yoga,Plane,SwedishLeaf,DiatomSizeReduction,Car,Haptics,FISH,Herring,NonInvasiveFatalECG_Thorax2,FaceFour,NonInvasiveFatalECG_Thorax1
MiddlePhalanxOutlineAgeGroup,ShapesAll,InsectWingbeatSound,synthetic_control,CBF,Cricket_Z,Earthquakes,uWaveGestureLibrary_Y,MedicalImages,Lighting7,50words,Cricket_X,ChlorineConcentration,Symbols,Ham,FaceAll,RefrigerationDevices,SonyAIBORobotSurfaceII,uWaveGestureLibrary_X,Phoneme,WordsSynonyms,Computers,Lighting2,ECG5000,InlineSkate,MoteStrain,ItalyPowerDemand,ScreenType,UWaveGestureLibraryAll,Cricket_Y,uWaveGestureLibrary_Z,ECGFiveDays,FacesUCR,MALLAT,MiddlePhalanxTW,MiddlePhalanxOutlineCorrect,Worms,CinC_ECG_torso,Gun_Point,LargeKitchenAppliances,ToeSegmentation1,OliveOil,FordA,Strawberry,ToeSegmentation2,SmallKitchenAppliances,wafer,Two_Patterns,PhalangesOutlinesCorrect,TwoLeadECG,DistalPhalanxOutlineAgeGroup,FordB,WormsTwoClass,ECG200,DistalPhalanxOutlineCorrect,OSULeaf,Meat,SonyAIBORobotSurface,DistalPhalanxTW,ProximalPhalanxOutlineCorrect,ProximalPhalanxOutlineAgeGroup,ProximalPhalanxTW,Beef,Trace,ArrowHead,Coffee,ShapeletSim,Wine,BeetleFly,BirdChicken,Adiac,HandOutlines,yoga,Plane,SwedishLeaf,DiatomSizeReduction,Car,Haptics,FISH,Herring,NonInvasiveFatalECG_Thorax2,FaceFour,NonInvasiveFatalECG_Thorax1
MiddlePhalanxOutlineCorrect,Phoneme,FaceAll,Ham,SonyAIBORobotSurfaceII,Cricket_X,MedicalImages,WordsSynonyms,Lighting7,InsectWingbeatSound,uWaveGestureLibrary_X,ShapesAll,Cricket_Z,50words,CBF,synthetic_control,ChlorineConcentration,Earthquakes,uWaveGestureLibrary_Y,Symbols,RefrigerationDevices,Lighting2,Computers,UWaveGestureLibraryAll,ECG5000,InlineSkate,MoteStrain,uWaveGestureLibrary_Z,FacesUCR,MALLAT,ItalyPowerDemand,ScreenType,MiddlePhalanxTW,MiddlePhalanxOutlineAgeGroup,Cricket_Y,Worms,ECGFiveDays,Gun_Point,OliveOil,CinC_ECG_torso,LargeKitchenAppliances,ToeSegmentation1,Strawberry,FordA,wafer,PhalangesOutlinesCorrect,ToeSegmentation2,SmallKitchenAppliances,WormsTwoClass,Two_Patterns,TwoLeadECG,DistalPhalanxOutlineAgeGroup,FordB,ECG200,Meat,OSULeaf,DistalPhalanxOutlineCorrect,DistalPhalanxTW,SonyAIBORobotSurface,ProximalPhalanxOutlineCorrect,ProximalPhalanxTW,ProximalPhalanxOutlineAgeGroup,Beef,ArrowHead,Coffee,Trace,Wine,ShapeletSim,BeetleFly,BirdChicken,Adiac,HandOutlines,yoga,Plane,SwedishLeaf,DiatomSizeReduction,Car,Haptics,FISH,Herring,NonInvasiveFatalECG_Thorax2,FaceFour,NonInvasiveFatalECG_Thorax1
MiddlePhalanxTW,Cricket_Z,InlineSkate,50words,InsectWingbeatSound,WordsSynonyms,Cricket_X,MoteStrain,ShapesAll,ECG5000,MedicalImages,Ham,uWaveGestureLibrary_X,ChlorineConcentration,Phoneme,SonyAIBORobotSurfaceII,Strawberry,Lighting7,FaceAll,MALLAT,Earthquakes,uWaveGestureLibrary_Y,CBF,Lighting2,Computers,Symbols,RefrigerationDevices,CinC_ECG_torso,ItalyPowerDemand,ScreenType,synthetic_control,wafer,OliveOil,Cricket_Y,ECGFiveDays,Gun_Point,FacesUCR,Worms,UWaveGestureLibraryAll,WormsTwoClass,MiddlePhalanxOutlineCorrect,MiddlePhalanxOutlineAgeGroup,LargeKitchenAppliances,ToeSegmentation1,uWaveGestureLibrary_Z,FordA,ToeSegmentation2,SmallKitchenAppliances,Meat,Two_Patterns,TwoLeadECG,FordB,ECG200,OSULeaf,DistalPhalanxOutlineAgeGroup,Beef,SonyAIBORobotSurface,ArrowHead,DistalPhalanxOutlineCorrect,Coffee,DistalPhalanxTW,Wine,ProximalPhalanxTW,PhalangesOutlinesCorrect,ProximalPhalanxOutlineAgeGroup,Trace,ShapeletSim,ProximalPhalanxOutlineCorrect,BeetleFly,HandOutlines,BirdChicken,Adiac,yoga,Plane,SwedishLeaf,DiatomSizeReduction,Car,Haptics,FISH,Herring,NonInvasiveFatalECG_Thorax2,FaceFour,NonInvasiveFatalECG_Thorax1
MoteStrain,InlineSkate,MiddlePhalanxTW,DistalPhalanxOutlineCorrect,Cricket_Z,Trace,ECG5000,MedicalImages,SmallKitchenAppliances,ShapesAll,Cricket_Y,ProximalPhalanxTW,BeetleFly,InsectWingbeatSound,Lighting7,uWaveGestureLibrary_Z,Cricket_X,ShapeletSim,Phoneme,Computers,FaceAll,Worms,uWaveGestureLibrary_Y,DistalPhalanxTW,ItalyPowerDemand,Symbols,ScreenType,ProximalPhalanxOutlineAgeGroup,CBF,Earthquakes,DistalPhalanxOutlineAgeGroup,MiddlePhalanxOutlineAgeGroup,BirdChicken,uWaveGestureLibrary_X,ECGFiveDays,synthetic_control,SonyAIBORobotSurfaceII,FacesUCR,MiddlePhalanxOutlineCorrect,Ham,UWaveGestureLibraryAll,ChlorineConcentration,CinC_ECG_torso,Lighting2,LargeKitchenAppliances,RefrigerationDevices,ToeSegmentation1,Adiac,50words,WordsSynonyms,ECG200,ProximalPhalanxOutlineCorrect,FordA,PhalangesOutlinesCorrect,ToeSegmentation2,SonyAIBORobotSurface,wafer,yoga,Two_Patterns,MALLAT,TwoLeadECG,FordB,Gun_Point,OSULeaf,OliveOil,Plane,SwedishLeaf,Strawberry,DiatomSizeReduction,WormsTwoClass,Car,Haptics,Meat,FISH,Herring,Beef,ArrowHead,Coffee,Wine,NonInvasiveFatalECG_Thorax2,HandOutlines,FaceFour,NonInvasiveFatalECG_Thorax1
NonInvasiveFatalECG_Thorax1,FaceFour,Plane,Phoneme,SwedishLeaf,OSULeaf,ShapesAll,Symbols,FISH,Earthquakes,Herring,Adiac,DiatomSizeReduction,RefrigerationDevices,BeetleFly,Car,Haptics,BirdChicken,synthetic_control,ShapeletSim,FacesUCR,ToeSegmentation2,yoga,Cricket_Z,wafer,NonInvasiveFatalECG_Thorax2,ToeSegmentation1,UWaveGestureLibraryAll,uWaveGestureLibrary_Y,uWaveGestureLibrary_X,Cricket_X,Worms,Trace,SmallKitchenAppliances,MoteStrain,Cricket_Y,uWaveGestureLibrary_Z,SonyAIBORobotSurfaceII,ECG200,SonyAIBORobotSurface,InlineSkate,CinC_ECG_torso,TwoLeadECG,FordB,Two_Patterns,FordA,ItalyPowerDemand,ECGFiveDays,ECG5000,LargeKitchenAppliances,DistalPhalanxTW,FaceAll,InsectWingbeatSound,DistalPhalanxOutlineAgeGroup,Computers,ScreenType,Lighting7,ProximalPhalanxTW,DistalPhalanxOutlineCorrect,MiddlePhalanxTW,MedicalImages,ProximalPhalanxOutlineAgeGroup,CBF,MiddlePhalanxOutlineAgeGroup,MiddlePhalanxOutlineCorrect,Ham,ChlorineConcentration,Lighting2,50words,WordsSynonyms,ProximalPhalanxOutlineCorrect,PhalangesOutlinesCorrect,MALLAT,Gun_Point,OliveOil,Strawberry,WormsTwoClass,Meat,Beef,ArrowHead,Coffee,Wine,HandOutlines
NonInvasiveFatalECG_Thorax2,SwedishLeaf,FaceFour,OSULeaf,Plane,ShapesAll,Phoneme,Symbols,FISH,Earthquakes,Herring,Adiac,DiatomSizeReduction,RefrigerationDevices,BeetleFly,Car,Haptics,BirdChicken,synthetic_control,ShapeletSim,ToeSegmentation2,yoga,Cricket_Z,wafer,ToeSegmentation1,UWaveGestureLibraryAll,uWaveGestureLibrary_Y,FacesUCR,uWaveGestureLibrary_X,Cricket_X,Worms,Trace,SmallKitchenAppliances,MoteStrain,Cricket_Y,uWaveGestureLibrary_Z,NonInvasiveFatalECG_Thorax1,SonyAIBORobotSurfaceII,ECG200,SonyAIBORobotSurface,InlineSkate,CinC_ECG_torso,TwoLeadECG,FordB,Two_Patterns,FordA,ItalyPowerDemand,ECGFiveDays,ECG5000,LargeKitchenAppliances,DistalPhalanxTW,FaceAll,InsectWingbeatSound,DistalPhalanxOutlineAgeGroup,Computers,ScreenType,Lighting7,ProximalPhalanxTW,DistalPhalanxOutlineCorrect,MiddlePhalanxTW,MedicalImages,ProximalPhalanxOutlineAgeGroup,CBF,MiddlePhalanxOutlineAgeGroup,MiddlePhalanxOutlineCorrect,Ham,ChlorineConcentration,Lighting2,50words,WordsSynonyms,ProximalPhalanxOutlineCorrect,PhalangesOutlinesCorrect,MALLAT,Gun_Point,OliveOil,Strawberry,WormsTwoClass,Meat,Beef,ArrowHead,Coffee,Wine,HandOutlines
OSULeaf,Adiac,SwedishLeaf,RefrigerationDevices,ShapesAll,Car,DiatomSizeReduction,FISH,synthetic_control,Phoneme,uWaveGestureLibrary_Z,BeetleFly,Symbols,CinC_ECG_torso,ShapeletSim,InlineSkate,BirdChicken,NonInvasiveFatalECG_Thorax2,Haptics,Plane,SonyAIBORobotSurface,TwoLeadECG,FordB,Cricket_Y,UWaveGestureLibraryAll,ECG200,Herring,Worms,Cricket_Z,FaceFour,Earthquakes,Two_Patterns,uWaveGestureLibrary_Y,Cricket_X,FordA,ItalyPowerDemand,ECGFiveDays,SmallKitchenAppliances,ECG5000,uWaveGestureLibrary_X,ToeSegmentation2,SonyAIBORobotSurfaceII,LargeKitchenAppliances,DistalPhalanxTW,wafer,FacesUCR,FaceAll,ToeSegmentation1,InsectWingbeatSound,DistalPhalanxOutlineAgeGroup,Trace,Computers,ScreenType,NonInvasiveFatalECG_Thorax1,MoteStrain,Lighting7,ProximalPhalanxTW,DistalPhalanxOutlineCorrect,MiddlePhalanxTW,MedicalImages,ProximalPhalanxOutlineAgeGroup,CBF,MiddlePhalanxOutlineAgeGroup,MiddlePhalanxOutlineCorrect,Ham,ChlorineConcentration,Lighting2,50words,WordsSynonyms,ProximalPhalanxOutlineCorrect,PhalangesOutlinesCorrect,MALLAT,Gun_Point,OliveOil,Strawberry,WormsTwoClass,Meat,Beef,ArrowHead,Coffee,Wine,HandOutlines,yoga
OliveOil,Phoneme,WordsSynonyms,50words,Gun_Point,MALLAT,FacesUCR,FaceAll,ProximalPhalanxOutlineAgeGroup,CBF,ShapesAll,Worms,MedicalImages,CinC_ECG_torso,ProximalPhalanxOutlineCorrect,ProximalPhalanxTW,Lighting7,MiddlePhalanxTW,DistalPhalanxTW,Strawberry,uWaveGestureLibrary_Z,UWaveGestureLibraryAll,PhalangesOutlinesCorrect,Cricket_Z,Lighting2,wafer,Cricket_X,ECG5000,uWaveGestureLibrary_X,InsectWingbeatSound,uWaveGestureLibrary_Y,MiddlePhalanxOutlineCorrect,DistalPhalanxOutlineAgeGroup,WormsTwoClass,Cricket_Y,MiddlePhalanxOutlineAgeGroup,synthetic_control,ChlorineConcentration,RefrigerationDevices,DistalPhalanxOutlineCorrect,Ham,SonyAIBORobotSurfaceII,Earthquakes,Symbols,Meat,Computers,InlineSkate,MoteStrain,ItalyPowerDemand,ScreenType,ECGFiveDays,LargeKitchenAppliances,ToeSegmentation1,Beef,FordA,ArrowHead,Coffee,ToeSegmentation2,SmallKitchenAppliances,Wine,Two_Patterns,TwoLeadECG,FordB,ECG200,OSULeaf,SonyAIBORobotSurface,HandOutlines,Trace,ShapeletSim,BeetleFly,BirdChicken,Adiac,yoga,Plane,SwedishLeaf,DiatomSizeReduction,Car,Haptics,FISH,Herring,NonInvasiveFatalECG_Thorax2,FaceFour,NonInvasiveFatalECG_Thorax1
PhalangesOutlinesCorrect,UWaveGestureLibraryAll,FaceAll,50words,WordsSynonyms,uWaveGestureLibrary_X,InsectWingbeatSound,Cricket_Z,Lighting7,uWaveGestureLibrary_Z,Lighting2,Cricket_X,FacesUCR,MALLAT,Phoneme,ShapesAll,CBF,synthetic_control,MedicalImages,ChlorineConcentration,Worms,RefrigerationDevices,Gun_Point,OliveOil,Ham,CinC_ECG_torso,SonyAIBORobotSurfaceII,Strawberry,Earthquakes,uWaveGestureLibrary_Y,Symbols,Computers,wafer,ECG5000,InlineSkate,MoteStrain,ItalyPowerDemand,ScreenType,WormsTwoClass,Cricket_Y,ECGFiveDays,MiddlePhalanxOutlineCorrect,MiddlePhalanxOutlineAgeGroup,LargeKitchenAppliances,ToeSegmentation1,DistalPhalanxOutlineAgeGroup,ProximalPhalanxOutlineCorrect,Meat,FordA,ProximalPhalanxTW,ToeSegmentation2,SmallKitchenAppliances,Two_Patterns,ProximalPhalanxOutlineAgeGroup,TwoLeadECG,FordB,DistalPhalanxOutlineCorrect,ECG200,MiddlePhalanxTW,Beef,OSULeaf,ArrowHead,Coffee,DistalPhalanxTW,SonyAIBORobotSurface,Wine,Trace,HandOutlines,ShapeletSim,BeetleFly,BirdChicken,Adiac,yoga,Plane,SwedishLeaf,DiatomSizeReduction,Car,Haptics,FISH,Herring,NonInvasiveFatalECG_Thorax2,FaceFour,NonInvasiveFatalECG_Thorax1
Phoneme,UWaveGestureLibraryAll,FacesUCR,WordsSynonyms,Herring,50words,FordA,MiddlePhalanxOutlineCorrect,LargeKitchenAppliances,Cricket_Z,Worms,OliveOil,SonyAIBORobotSurfaceII,Adiac,Cricket_X,ToeSegmentation2,SwedishLeaf,FaceAll,ShapesAll,InlineSkate,Strawberry,Cricket_Y,DistalPhalanxTW,TwoLeadECG,SmallKitchenAppliances,Gun_Point,Symbols,ProximalPhalanxTW,ToeSegmentation1,uWaveGestureLibrary_Z,Beef,ProximalPhalanxOutlineAgeGroup,Two_Patterns,Ham,uWaveGestureLibrary_Y,Lighting7,CinC_ECG_torso,MiddlePhalanxTW,InsectWingbeatSound,uWaveGestureLibrary_X,MedicalImages,Computers,synthetic_control,DistalPhalanxOutlineAgeGroup,BirdChicken,ProximalPhalanxOutlineCorrect,BeetleFly,DiatomSizeReduction,ItalyPowerDemand,FordB,ECG200,RefrigerationDevices,ECG5000,CBF,ScreenType,Haptics,OSULeaf,Earthquakes,ECGFiveDays,FISH,MiddlePhalanxOutlineAgeGroup,Car,DistalPhalanxOutlineCorrect,SonyAIBORobotSurface,Plane,MoteStrain,Meat,PhalangesOutlinesCorrect,ChlorineConcentration,wafer,WormsTwoClass,Trace,ArrowHead,HandOutlines,Lighting2,Coffee,Wine,yoga,NonInvasiveFatalECG_Thorax1,ShapeletSim,FaceFour,NonInvasiveFatalECG_Thorax2,MALLAT
Plane,ShapesAll,FaceFour,Adiac,NonInvasiveFatalECG_Thorax1,Phoneme,SwedishLeaf,OSULeaf,NonInvasiveFatalECG_Thorax2,ToeSegmentation2,yoga,ShapeletSim,Cricket_Z,wafer,synthetic_control,DiatomSizeReduction,ToeSegmentation1,Car,UWaveGestureLibraryAll,BirdChicken,Haptics,uWaveGestureLibrary_Y,FacesUCR,Symbols,FISH,uWaveGestureLibrary_X,Earthquakes,Cricket_X,Worms,BeetleFly,Herring,Trace,SmallKitchenAppliances,RefrigerationDevices,MoteStrain,Cricket_Y,uWaveGestureLibrary_Z,SonyAIBORobotSurfaceII,ECG200,SonyAIBORobotSurface,InlineSkate,CinC_ECG_torso,TwoLeadECG,FordB,Two_Patterns,FordA,ItalyPowerDemand,ECGFiveDays,ECG5000,LargeKitchenAppliances,DistalPhalanxTW,FaceAll,InsectWingbeatSound,DistalPhalanxOutlineAgeGroup,Computers,ScreenType,Lighting7,ProximalPhalanxTW,DistalPhalanxOutlineCorrect,MiddlePhalanxTW,MedicalImages,ProximalPhalanxOutlineAgeGroup,CBF,MiddlePhalanxOutlineAgeGroup,MiddlePhalanxOutlineCorrect,Ham,ChlorineConcentration,Lighting2,50words,WordsSynonyms,ProximalPhalanxOutlineCorrect,PhalangesOutlinesCorrect,MALLAT,Gun_Point,OliveOil,Strawberry,WormsTwoClass,Meat,Beef,ArrowHead,Coffee,Wine,HandOutlines
ProximalPhalanxOutlineAgeGroup,Cricket_X,FacesUCR,Gun_Point,ShapesAll,MALLAT,50words,Symbols,CBF,Worms,uWaveGestureLibrary_Y,Earthquakes,Cricket_Z,Phoneme,ChlorineConcentration,WordsSynonyms,InsectWingbeatSound,OliveOil,MedicalImages,Ham,FaceAll,Computers,Lighting7,SonyAIBORobotSurfaceII,uWaveGestureLibrary_X,Lighting2,ECG5000,RefrigerationDevices,InlineSkate,MoteStrain,CinC_ECG_torso,synthetic_control,uWaveGestureLibrary_Z,ItalyPowerDemand,ScreenType,UWaveGestureLibraryAll,Strawberry,Cricket_Y,ECGFiveDays,wafer,ProximalPhalanxTW,LargeKitchenAppliances,ToeSegmentation1,WormsTwoClass,ProximalPhalanxOutlineCorrect,FordA,ToeSegmentation2,SmallKitchenAppliances,Two_Patterns,Meat,TwoLeadECG,FordB,ECG200,OSULeaf,PhalangesOutlinesCorrect,SonyAIBORobotSurface,Beef,ArrowHead,Coffee,Wine,MiddlePhalanxOutlineCorrect,DistalPhalanxOutlineAgeGroup,MiddlePhalanxOutlineAgeGroup,MiddlePhalanxTW,Trace,DistalPhalanxTW,ShapeletSim,BeetleFly,BirdChicken,DistalPhalanxOutlineCorrect,HandOutlines,Adiac,yoga,Plane,SwedishLeaf,DiatomSizeReduction,Car,Haptics,FISH,Herring,NonInvasiveFatalECG_Thorax2,FaceFour,NonInvasiveFatalECG_Thorax1
ProximalPhalanxOutlineCorrect,50words,Cricket_X,ShapesAll,MALLAT,WordsSynonyms,MedicalImages,Phoneme,Lighting7,Worms,InsectWingbeatSound,uWaveGestureLibrary_X,FaceAll,FacesUCR,Gun_Point,OliveOil,CBF,synthetic_control,Lighting2,ChlorineConcentration,uWaveGestureLibrary_Z,RefrigerationDevices,Cricket_Z,UWaveGestureLibraryAll,CinC_ECG_torso,Ham,Strawberry,SonyAIBORobotSurfaceII,wafer,Earthquakes,uWaveGestureLibrary_Y,Symbols,ECG5000,Computers,InlineSkate,MoteStrain,WormsTwoClass,Cricket_Y,ProximalPhalanxOutlineAgeGroup,ItalyPowerDemand,ScreenType,ECGFiveDays,ProximalPhalanxTW,LargeKitchenAppliances,ToeSegmentation1,Meat,FordA,PhalangesOutlinesCorrect,ToeSegmentation2,SmallKitchenAppliances,Two_Patterns,TwoLeadECG,FordB,ECG200,MiddlePhalanxOutlineCorrect,Beef,MiddlePhalanxOutlineAgeGroup,ArrowHead,OSULeaf,Coffee,Wine,DistalPhalanxOutlineAgeGroup,SonyAIBORobotSurface,DistalPhalanxTW,MiddlePhalanxTW,DistalPhalanxOutlineCorrect,HandOutlines,Trace,ShapeletSim,BeetleFly,BirdChicken,Adiac,yoga,Plane,SwedishLeaf,DiatomSizeReduction,Car,Haptics,FISH,Herring,NonInvasiveFatalECG_Thorax2,FaceFour,NonInvasiveFatalECG_Thorax1
ProximalPhalanxTW,FaceAll,uWaveGestureLibrary_Z,CBF,Ham,synthetic_control,SonyAIBORobotSurfaceII,50words,Lighting7,MALLAT,WordsSynonyms,Phoneme,CinC_ECG_torso,MedicalImages,Cricket_X,MoteStrain,FacesUCR,InlineSkate,UWaveGestureLibraryAll,ChlorineConcentration,InsectWingbeatSound,uWaveGestureLibrary_X,ECG5000,ShapesAll,RefrigerationDevices,Cricket_Z,ItalyPowerDemand,Lighting2,ScreenType,OliveOil,Computers,Earthquakes,uWaveGestureLibrary_Y,Strawberry,Symbols,Gun_Point,Cricket_Y,Worms,ECGFiveDays,wafer,LargeKitchenAppliances,ToeSegmentation1,WormsTwoClass,ProximalPhalanxOutlineAgeGroup,FordA,ToeSegmentation2,SmallKitchenAppliances,Two_Patterns,Meat,TwoLeadECG,ProximalPhalanxOutlineCorrect,FordB,ECG200,OSULeaf,PhalangesOutlinesCorrect,SonyAIBORobotSurface,Beef,ArrowHead,Coffee,MiddlePhalanxTW,Wine,MiddlePhalanxOutlineCorrect,DistalPhalanxOutlineAgeGroup,MiddlePhalanxOutlineAgeGroup,Trace,DistalPhalanxTW,ShapeletSim,BeetleFly,BirdChicken,HandOutlines,DistalPhalanxOutlineCorrect,Adiac,yoga,Plane,SwedishLeaf,DiatomSizeReduction,Car,Haptics,FISH,Herring,NonInvasiveFatalECG_Thorax2,FaceFour,NonInvasiveFatalECG_Thorax1
RefrigerationDevices,SwedishLeaf,MedicalImages,uWaveGestureLibrary_X,FacesUCR,OSULeaf,uWaveGestureLibrary_Y,DiatomSizeReduction,Lighting2,Cricket_Y,ChlorineConcentration,ShapesAll,Phoneme,FISH,50words,DistalPhalanxTW,Adiac,DistalPhalanxOutlineCorrect,synthetic_control,MiddlePhalanxOutlineAgeGroup,FaceAll,ProximalPhalanxTW,InlineSkate,BeetleFly,CBF,FordA,Lighting7,Ham,MiddlePhalanxTW,Symbols,ToeSegmentation1,DistalPhalanxOutlineAgeGroup,InsectWingbeatSound,Cricket_X,ProximalPhalanxOutlineAgeGroup,WordsSynonyms,Cricket_Z,CinC_ECG_torso,MiddlePhalanxOutlineCorrect,ProximalPhalanxOutlineCorrect,ToeSegmentation2,SonyAIBORobotSurfaceII,Herring,Car,ECG5000,UWaveGestureLibraryAll,PhalangesOutlinesCorrect,uWaveGestureLibrary_Z,Haptics,ECGFiveDays,BirdChicken,Earthquakes,ItalyPowerDemand,Two_Patterns,MoteStrain,MALLAT,TwoLeadECG,Worms,FordB,ECG200,Gun_Point,OliveOil,ShapeletSim,Strawberry,SonyAIBORobotSurface,wafer,NonInvasiveFatalECG_Thorax2,Plane,WormsTwoClass,yoga,FaceFour,Trace,Meat,NonInvasiveFatalECG_Thorax1,Beef,ArrowHead,Coffee,Wine,HandOutlines,ScreenType,LargeKitchenAppliances,Computers,SmallKitchenAppliances
ScreenType,UWaveGestureLibraryAll,uWaveGestureLibrary_Y,ShapesAll,uWaveGestureLibrary_X,ItalyPowerDemand,FaceAll,ECGFiveDays,InsectWingbeatSound,Cricket_X,Cricket_Y,Phoneme,DistalPhalanxTW,InlineSkate,Lighting7,ProximalPhalanxTW,DistalPhalanxOutlineCorrect,CinC_ECG_torso,MoteStrain,MiddlePhalanxTW,ECG5000,DistalPhalanxOutlineAgeGroup,MedicalImages,ToeSegmentation1,Symbols,ProximalPhalanxOutlineAgeGroup,FacesUCR,CBF,Earthquakes,MiddlePhalanxOutlineAgeGroup,FordA,SonyAIBORobotSurfaceII,MiddlePhalanxOutlineCorrect,Ham,Cricket_Z,ToeSegmentation2,ChlorineConcentration,uWaveGestureLibrary_Z,Lighting2,Two_Patterns,50words,synthetic_control,WordsSynonyms,TwoLeadECG,Worms,ProximalPhalanxOutlineCorrect,FordB,ECG200,PhalangesOutlinesCorrect,OSULeaf,MALLAT,SonyAIBORobotSurface,Gun_Point,OliveOil,Strawberry,wafer,WormsTwoClass,Trace,ShapeletSim,BeetleFly,Meat,BirdChicken,Adiac,Beef,yoga,ArrowHead,Coffee,Wine,Plane,SwedishLeaf,DiatomSizeReduction,HandOutlines,Car,Haptics,FISH,Herring,NonInvasiveFatalECG_Thorax2,FaceFour,NonInvasiveFatalECG_Thorax1,Computers,LargeKitchenAppliances,SmallKitchenAppliances,RefrigerationDevices
ShapeletSim,ShapesAll,Cricket_Z,Cricket_X,uWaveGestureLibrary_Z,Trace,Cricket_Y,MoteStrain,SwedishLeaf,Adiac,OSULeaf,SmallKitchenAppliances,BeetleFly,synthetic_control,DiatomSizeReduction,Worms,uWaveGestureLibrary_Y,BirdChicken,Phoneme,uWaveGestureLibrary_X,Plane,FacesUCR,Car,SonyAIBORobotSurfaceII,UWaveGestureLibraryAll,ToeSegmentation2,ECG200,yoga,Haptics,ToeSegmentation1,wafer,SonyAIBORobotSurface,FISH,RefrigerationDevices,InlineSkate,Symbols,Herring,CinC_ECG_torso,Earthquakes,TwoLeadECG,Two_Patterns,ItalyPowerDemand,ECGFiveDays,ECG5000,LargeKitchenAppliances,DistalPhalanxTW,FaceAll,InsectWingbeatSound,DistalPhalanxOutlineAgeGroup,NonInvasiveFatalECG_Thorax2,Computers,ScreenType,Lighting7,ProximalPhalanxTW,DistalPhalanxOutlineCorrect,MiddlePhalanxTW,MedicalImages,FaceFour,ProximalPhalanxOutlineAgeGroup,CBF,MiddlePhalanxOutlineAgeGroup,MiddlePhalanxOutlineCorrect,Ham,ChlorineConcentration,Lighting2,50words,WordsSynonyms,ProximalPhalanxOutlineCorrect,PhalangesOutlinesCorrect,NonInvasiveFatalECG_Thorax1,MALLAT,Gun_Point,OliveOil,Strawberry,WormsTwoClass,Meat,Beef,ArrowHead,Coffee,Wine,HandOutlines,FordB,FordA
ShapesAll,uWaveGestureLibrary_Y,MiddlePhalanxOutlineAgeGroup,ScreenType,ShapeletSim,50words,SwedishLeaf,Car,Cricket_Y,Adiac,Worms,DiatomSizeReduction,uWaveGestureLibrary_X,Cricket_X,FISH,UWaveGestureLibraryAll,Phoneme,MedicalImages,OSULeaf,SonyAIBORobotSurface,Symbols,InlineSkate,wafer,MiddlePhalanxTW,Cricket_Z,ECG5000,CinC_ECG_torso,ProximalPhalanxOutlineAgeGroup,Plane,ToeSegmentation1,WordsSynonyms,SonyAIBORobotSurfaceII,ECGFiveDays,FacesUCR,Gun_Point,ProximalPhalanxOutlineCorrect,MALLAT,InsectWingbeatSound,synthetic_control,ToeSegmentation2,RefrigerationDevices,MoteStrain,Lighting7,uWaveGestureLibrary_Z,SmallKitchenAppliances,DistalPhalanxOutlineCorrect,OliveOil,yoga,ChlorineConcentration,Ham,Haptics,ProximalPhalanxTW,MiddlePhalanxOutlineCorrect,FaceAll,Computers,Trace,LargeKitchenAppliances,ECG200,DistalPhalanxTW,FordA,CBF,DistalPhalanxOutlineAgeGroup,Lighting2,ItalyPowerDemand,Two_Patterns,PhalangesOutlinesCorrect,TwoLeadECG,Strawberry,FordB,NonInvasiveFatalECG_Thorax2,WormsTwoClass,FaceFour,Meat,NonInvasiveFatalECG_Thorax1,Beef,ArrowHead,Coffee,Wine,HandOutlines,Herring,BirdChicken,BeetleFly,Earthquakes
SmallKitchenAppliances,Cricket_Z,BeetleFly,Phoneme,ECGFiveDays,ToeSegmentation2,Trace,ECG5000,uWaveGestureLibrary_Z,MoteStrain,InlineSkate,ShapesAll,Symbols,ItalyPowerDemand,Two_Patterns,CinC_ECG_torso,Cricket_Y,Cricket_X,Worms,uWaveGestureLibrary_Y,FordA,UWaveGestureLibraryAll,ShapeletSim,DistalPhalanxTW,BirdChicken,uWaveGestureLibrary_X,TwoLeadECG,FordB,FacesUCR,synthetic_control,FaceAll,ECG200,ToeSegmentation1,InsectWingbeatSound,DistalPhalanxOutlineAgeGroup,Adiac,OSULeaf,SonyAIBORobotSurfaceII,SonyAIBORobotSurface,Lighting7,ProximalPhalanxTW,DistalPhalanxOutlineCorrect,MiddlePhalanxTW,wafer,MedicalImages,yoga,ProximalPhalanxOutlineAgeGroup,CBF,Earthquakes,MiddlePhalanxOutlineAgeGroup,MiddlePhalanxOutlineCorrect,Ham,ChlorineConcentration,Plane,Lighting2,50words,SwedishLeaf,WordsSynonyms,ProximalPhalanxOutlineCorrect,PhalangesOutlinesCorrect,DiatomSizeReduction,MALLAT,Car,Gun_Point,OliveOil,Haptics,Strawberry,FISH,WormsTwoClass,Herring,Meat,NonInvasiveFatalECG_Thorax2,Beef,ArrowHead,Coffee,Wine,FaceFour,NonInvasiveFatalECG_Thorax1,HandOutlines,ScreenType,Computers,LargeKitchenAppliances,RefrigerationDevices
SonyAIBORobotSurface,ShapesAll,uWaveGestureLibrary_Z,UWaveGestureLibraryAll,uWaveGestureLibrary_Y,InlineSkate,Worms,Phoneme,Symbols,OSULeaf,ECG200,uWaveGestureLibrary_X,CinC_ECG_torso,SonyAIBORobotSurfaceII,Cricket_Y,synthetic_control,TwoLeadECG,FordB,Cricket_Z,Two_Patterns,Trace,Cricket_X,FordA,ItalyPowerDemand,ECGFiveDays,SmallKitchenAppliances,ShapeletSim,ECG5000,ToeSegmentation2,MoteStrain,BeetleFly,LargeKitchenAppliances,DistalPhalanxTW,RefrigerationDevices,FacesUCR,BirdChicken,FaceAll,ToeSegmentation1,InsectWingbeatSound,DistalPhalanxOutlineAgeGroup,Computers,ScreenType,Adiac,Lighting7,ProximalPhalanxTW,DistalPhalanxOutlineCorrect,MiddlePhalanxTW,MedicalImages,wafer,ProximalPhalanxOutlineAgeGroup,CBF,Earthquakes,MiddlePhalanxOutlineAgeGroup,yoga,MiddlePhalanxOutlineCorrect,Ham,ChlorineConcentration,Lighting2,Plane,50words,WordsSynonyms,SwedishLeaf,ProximalPhalanxOutlineCorrect,PhalangesOutlinesCorrect,DiatomSizeReduction,MALLAT,Gun_Point,OliveOil,Car,Haptics,Strawberry,FISH,WormsTwoClass,Herring,Meat,NonInvasiveFatalECG_Thorax2,Beef,ArrowHead,Coffee,Wine,FaceFour,HandOutlines,NonInvasiveFatalECG_Thorax1
SonyAIBORobotSurfaceII,Phoneme,FaceAll,MiddlePhalanxOutlineCorrect,ProximalPhalanxTW,ShapesAll,Ham,Cricket_X,Cricket_Y,MedicalImages,MiddlePhalanxTW,InsectWingbeatSound,uWaveGestureLibrary_X,synthetic_control,MiddlePhalanxOutlineAgeGroup,Cricket_Z,Lighting7,ECG200,ProximalPhalanxOutlineAgeGroup,DistalPhalanxOutlineAgeGroup,ChlorineConcentration,Earthquakes,DistalPhalanxTW,uWaveGestureLibrary_Y,CBF,Symbols,DistalPhalanxOutlineCorrect,Computers,Lighting2,RefrigerationDevices,ECG5000,50words,InlineSkate,MoteStrain,uWaveGestureLibrary_Z,UWaveGestureLibraryAll,Trace,SonyAIBORobotSurface,WordsSynonyms,ItalyPowerDemand,ScreenType,ProximalPhalanxOutlineCorrect,Worms,ShapeletSim,PhalangesOutlinesCorrect,ECGFiveDays,SmallKitchenAppliances,BeetleFly,OSULeaf,FacesUCR,MALLAT,CinC_ECG_torso,BirdChicken,LargeKitchenAppliances,ToeSegmentation1,TwoLeadECG,FordB,Gun_Point,OliveOil,FordA,Two_Patterns,Adiac,ToeSegmentation2,Strawberry,wafer,yoga,WormsTwoClass,Plane,SwedishLeaf,Meat,DiatomSizeReduction,Car,Haptics,Beef,ArrowHead,Coffee,FISH,Wine,Herring,HandOutlines,NonInvasiveFatalECG_Thorax2,FaceFour,NonInvasiveFatalECG_Thorax1
Strawberry,DistalPhalanxTW,50words,Phoneme,MALLAT,WordsSynonyms,MiddlePhalanxTW,FaceAll,wafer,ProximalPhalanxTW,CinC_ECG_torso,ECG5000,Lighting7,CBF,uWaveGestureLibrary_Y,OliveOil,Gun_Point,FacesUCR,ProximalPhalanxOutlineAgeGroup,ShapesAll,Worms,MedicalImages,WormsTwoClass,Cricket_Y,ProximalPhalanxOutlineCorrect,uWaveGestureLibrary_Z,UWaveGestureLibraryAll,PhalangesOutlinesCorrect,Cricket_Z,Lighting2,Cricket_X,uWaveGestureLibrary_X,InsectWingbeatSound,Meat,MiddlePhalanxOutlineCorrect,synthetic_control,DistalPhalanxOutlineAgeGroup,MiddlePhalanxOutlineAgeGroup,ChlorineConcentration,RefrigerationDevices,DistalPhalanxOutlineCorrect,Ham,SonyAIBORobotSurfaceII,Earthquakes,Symbols,Computers,InlineSkate,MoteStrain,Beef,ItalyPowerDemand,ScreenType,ArrowHead,ECGFiveDays,Coffee,LargeKitchenAppliances,ToeSegmentation1,FordA,ToeSegmentation2,SmallKitchenAppliances,Two_Patterns,TwoLeadECG,FordB,HandOutlines,ECG200,OSULeaf,SonyAIBORobotSurface,Trace,ShapeletSim,BeetleFly,BirdChicken,Adiac,yoga,Plane,SwedishLeaf,DiatomSizeReduction,Car,Haptics,FISH,Herring,NonInvasiveFatalECG_Thorax2,FaceFour,NonInvasiveFatalECG_Thorax1,Wine
SwedishLeaf,RefrigerationDevices,NonInvasiveFatalECG_Thorax2,Adiac,OSULeaf,Herring,FISH,ShapesAll,Symbols,Phoneme,DiatomSizeReduction,BeetleFly,synthetic_control,FaceFour,ShapeletSim,Earthquakes,Car,Plane,Haptics,BirdChicken,ToeSegmentation2,yoga,Cricket_Z,wafer,NonInvasiveFatalECG_Thorax1,ToeSegmentation1,UWaveGestureLibraryAll,uWaveGestureLibrary_Y,FacesUCR,uWaveGestureLibrary_X,Cricket_X,Worms,Trace,SmallKitchenAppliances,MoteStrain,Cricket_Y,uWaveGestureLibrary_Z,SonyAIBORobotSurfaceII,ECG200,SonyAIBORobotSurface,InlineSkate,CinC_ECG_torso,TwoLeadECG,FordB,FordA,ItalyPowerDemand,ECGFiveDays,ECG5000,LargeKitchenAppliances,DistalPhalanxTW,FaceAll,InsectWingbeatSound,DistalPhalanxOutlineAgeGroup,Computers,ScreenType,Lighting7,ProximalPhalanxTW,DistalPhalanxOutlineCorrect,MiddlePhalanxTW,MedicalImages,ProximalPhalanxOutlineAgeGroup,MiddlePhalanxOutlineAgeGroup,MiddlePhalanxOutlineCorrect,Ham,ChlorineConcentration,Lighting2,50words,WordsSynonyms,ProximalPhalanxOutlineCorrect,PhalangesOutlinesCorrect,MALLAT,Gun_Point,OliveOil,Strawberry,WormsTwoClass,Meat,Beef,ArrowHead,Coffee,Wine,HandOutlines,Two_Patterns,CBF
Symbols,FISH,DiatomSizeReduction,SwedishLeaf,DistalPhalanxTW,ShapesAll,Adiac,ProximalPhalanxOutlineAgeGroup,Phoneme,ECG5000,Herring,CBF,uWaveGestureLibrary_Y,Earthquakes,uWaveGestureLibrary_Z,InsectWingbeatSound,FaceAll,Computers,DistalPhalanxOutlineAgeGroup,Cricket_Z,SmallKitchenAppliances,MiddlePhalanxOutlineAgeGroup,ToeSegmentation2,ECGFiveDays,OSULeaf,Lighting7,InlineSkate,MedicalImages,CinC_ECG_torso,ItalyPowerDemand,MiddlePhalanxTW,Two_Patterns,RefrigerationDevices,uWaveGestureLibrary_X,SonyAIBORobotSurface,MoteStrain,Cricket_X,FordA,DistalPhalanxOutlineCorrect,UWaveGestureLibraryAll,SonyAIBORobotSurfaceII,ProximalPhalanxTW,LargeKitchenAppliances,MiddlePhalanxOutlineCorrect,Ham,BeetleFly,Worms,TwoLeadECG,ScreenType,FordB,ChlorineConcentration,Cricket_Y,FacesUCR,ECG200,Car,Lighting2,ToeSegmentation1,50words,Haptics,synthetic_control,BirdChicken,WordsSynonyms,ProximalPhalanxOutlineCorrect,PhalangesOutlinesCorrect,NonInvasiveFatalECG_Thorax2,MALLAT,Trace,ShapeletSim,Plane,Gun_Point,OliveOil,FaceFour,Strawberry,wafer,yoga,WormsTwoClass,NonInvasiveFatalECG_Thorax1,Meat,Beef,ArrowHead,Coffee,Wine,HandOutlines
ToeSegmentation1,Cricket_Y,InsectWingbeatSound,ShapesAll,DistalPhalanxOutlineAgeGroup,Phoneme,LargeKitchenAppliances,FaceAll,CinC_ECG_torso,InlineSkate,Adiac,Computers,DistalPhalanxTW,uWaveGestureLibrary_X,FacesUCR,RefrigerationDevices,uWaveGestureLibrary_Y,Cricket_Z,UWaveGestureLibraryAll,ScreenType,synthetic_control,FordA,Cricket_X,ECGFiveDays,wafer,ToeSegmentation2,SmallKitchenAppliances,yoga,ECG5000,ItalyPowerDemand,Symbols,BirdChicken,uWaveGestureLibrary_Z,Lighting7,ProximalPhalanxTW,Two_Patterns,DistalPhalanxOutlineCorrect,Worms,MoteStrain,MiddlePhalanxTW,MedicalImages,Trace,BeetleFly,TwoLeadECG,ProximalPhalanxOutlineAgeGroup,CBF,Earthquakes,FordB,MiddlePhalanxOutlineAgeGroup,Plane,ShapeletSim,ECG200,SonyAIBORobotSurfaceII,MiddlePhalanxOutlineCorrect,Ham,SwedishLeaf,ChlorineConcentration,OSULeaf,Lighting2,50words,WordsSynonyms,SonyAIBORobotSurface,DiatomSizeReduction,ProximalPhalanxOutlineCorrect,PhalangesOutlinesCorrect,Car,MALLAT,Haptics,Gun_Point,OliveOil,FISH,Strawberry,Herring,WormsTwoClass,Meat,NonInvasiveFatalECG_Thorax2,Beef,FaceFour,ArrowHead,Coffee,Wine,NonInvasiveFatalECG_Thorax1,HandOutlines
ToeSegmentation2,Phoneme,InlineSkate,SmallKitchenAppliances,Cricket_Z,ShapesAll,CinC_ECG_torso,ECG5000,yoga,Symbols,uWaveGestureLibrary_Z,Cricket_X,LargeKitchenAppliances,ECGFiveDays,DistalPhalanxTW,FordA,ItalyPowerDemand,Two_Patterns,wafer,Adiac,UWaveGestureLibraryAll,uWaveGestureLibrary_Y,RefrigerationDevices,uWaveGestureLibrary_X,FacesUCR,Plane,Cricket_Y,FaceAll,TwoLeadECG,Worms,ToeSegmentation1,InsectWingbeatSound,FordB,DistalPhalanxOutlineAgeGroup,SwedishLeaf,ECG200,Computers,ScreenType,ShapeletSim,OSULeaf,synthetic_control,DiatomSizeReduction,Lighting7,ProximalPhalanxTW,DistalPhalanxOutlineCorrect,SonyAIBORobotSurface,MoteStrain,MiddlePhalanxTW,MedicalImages,BirdChicken,Car,ProximalPhalanxOutlineAgeGroup,CBF,Earthquakes,MiddlePhalanxOutlineAgeGroup,Trace,BeetleFly,SonyAIBORobotSurfaceII,MiddlePhalanxOutlineCorrect,Ham,Haptics,ChlorineConcentration,Lighting2,50words,FISH,WordsSynonyms,ProximalPhalanxOutlineCorrect,PhalangesOutlinesCorrect,Herring,MALLAT,Gun_Point,OliveOil,Strawberry,NonInvasiveFatalECG_Thorax2,WormsTwoClass,Meat,FaceFour,Beef,NonInvasiveFatalECG_Thorax1,ArrowHead,Coffee,Wine,HandOutlines
Trace,Cricket_Y,Cricket_Z,BeetleFly,MoteStrain,SmallKitchenAppliances,uWaveGestureLibrary_Z,Cricket_X,ShapeletSim,Worms,uWaveGestureLibrary_Y,ShapesAll,Phoneme,BirdChicken,uWaveGestureLibrary_X,synthetic_control,FacesUCR,SonyAIBORobotSurfaceII,ECG200,UWaveGestureLibraryAll,Adiac,ToeSegmentation1,SonyAIBORobotSurface,wafer,InlineSkate,Symbols,yoga,OSULeaf,ToeSegmentation2,CinC_ECG_torso,TwoLeadECG,FordB,Plane,Two_Patterns,SwedishLeaf,FordA,ItalyPowerDemand,ECGFiveDays,ECG5000,DiatomSizeReduction,LargeKitchenAppliances,DistalPhalanxTW,RefrigerationDevices,FaceAll,InsectWingbeatSound,DistalPhalanxOutlineAgeGroup,Car,Computers,ScreenType,Haptics,Lighting7,ProximalPhalanxTW,DistalPhalanxOutlineCorrect,MiddlePhalanxTW,MedicalImages,FISH,ProximalPhalanxOutlineAgeGroup,CBF,Earthquakes,MiddlePhalanxOutlineAgeGroup,MiddlePhalanxOutlineCorrect,Ham,Herring,ChlorineConcentration,Lighting2,50words,WordsSynonyms,ProximalPhalanxOutlineCorrect,PhalangesOutlinesCorrect,MALLAT,Gun_Point,OliveOil,NonInvasiveFatalECG_Thorax2,Strawberry,FaceFour,WormsTwoClass,Meat,NonInvasiveFatalECG_Thorax1,Beef,ArrowHead,Coffee,Wine,HandOutlines
TwoLeadECG,FordB,Phoneme,Cricket_Y,uWaveGestureLibrary_Z,UWaveGestureLibraryAll,Worms,Two_Patterns,ECG200,Cricket_Z,Cricket_X,FordA,CinC_ECG_torso,ItalyPowerDemand,ECGFiveDays,SmallKitchenAppliances,OSULeaf,Symbols,ECG5000,ToeSegmentation2,InlineSkate,ShapesAll,SonyAIBORobotSurface,LargeKitchenAppliances,DistalPhalanxTW,uWaveGestureLibrary_Y,RefrigerationDevices,uWaveGestureLibrary_X,FacesUCR,FaceAll,ToeSegmentation1,InsectWingbeatSound,DistalPhalanxOutlineAgeGroup,Computers,ScreenType,SonyAIBORobotSurfaceII,synthetic_control,Lighting7,ProximalPhalanxTW,DistalPhalanxOutlineCorrect,MoteStrain,MiddlePhalanxTW,MedicalImages,Trace,ProximalPhalanxOutlineAgeGroup,CBF,Earthquakes,MiddlePhalanxOutlineAgeGroup,ShapeletSim,MiddlePhalanxOutlineCorrect,Ham,BeetleFly,ChlorineConcentration,Lighting2,BirdChicken,50words,WordsSynonyms,ProximalPhalanxOutlineCorrect,PhalangesOutlinesCorrect,Adiac,MALLAT,wafer,Gun_Point,OliveOil,yoga,Strawberry,Plane,SwedishLeaf,WormsTwoClass,DiatomSizeReduction,Car,Meat,Haptics,FISH,Herring,Beef,ArrowHead,Coffee,Wine,NonInvasiveFatalECG_Thorax2,HandOutlines,FaceFour,NonInvasiveFatalECG_Thorax1
Two_Patterns,ItalyPowerDemand,uWaveGestureLibrary_Z,UWaveGestureLibraryAll,Cricket_X,Phoneme,Cricket_Z,FordA,ECGFiveDays,TwoLeadECG,SmallKitchenAppliances,Worms,FordB,Cricket_Y,Symbols,ECG5000,ECG200,ToeSegmentation2,InlineSkate,ShapesAll,CinC_ECG_torso,LargeKitchenAppliances,DistalPhalanxTW,uWaveGestureLibrary_Y,RefrigerationDevices,uWaveGestureLibrary_X,FacesUCR,OSULeaf,FaceAll,ToeSegmentation1,InsectWingbeatSound,DistalPhalanxOutlineAgeGroup,Computers,SonyAIBORobotSurface,ScreenType,Lighting7,ProximalPhalanxTW,DistalPhalanxOutlineCorrect,MoteStrain,MiddlePhalanxTW,MedicalImages,SonyAIBORobotSurfaceII,synthetic_control,ProximalPhalanxOutlineAgeGroup,Earthquakes,MiddlePhalanxOutlineAgeGroup,MiddlePhalanxOutlineCorrect,Ham,Trace,ChlorineConcentration,Lighting2,50words,ShapeletSim,WordsSynonyms,BeetleFly,ProximalPhalanxOutlineCorrect,PhalangesOutlinesCorrect,BirdChicken,MALLAT,Adiac,Gun_Point,OliveOil,Strawberry,wafer,yoga,WormsTwoClass,Plane,Meat,DiatomSizeReduction,Car,Haptics,Beef,FISH,ArrowHead,Coffee,Wine,Herring,HandOutlines,NonInvasiveFatalECG_Thorax2,FaceFour,NonInvasiveFatalECG_Thorax1,CBF,SwedishLeaf
UWaveGestureLibraryAll,ScreenType,Cricket_X,Phoneme,uWaveGestureLibrary_Y,FordA,PhalangesOutlinesCorrect,ShapesAll,Cricket_Y,uWaveGestureLibrary_Z,Two_Patterns,ECG200,50words,Cricket_Z,FordB,SonyAIBORobotSurface,TwoLeadECG,ProximalPhalanxTW,WordsSynonyms,FaceAll,synthetic_control,ItalyPowerDemand,DistalPhalanxTW,Lighting2,FacesUCR,InlineSkate,Computers,ECGFiveDays,Adiac,uWaveGestureLibrary_X,MALLAT,SmallKitchenAppliances,Worms,InsectWingbeatSound,CinC_ECG_torso,Symbols,LargeKitchenAppliances,ToeSegmentation1,DistalPhalanxOutlineAgeGroup,Lighting7,ECG5000,ToeSegmentation2,ProximalPhalanxOutlineCorrect,OSULeaf,MedicalImages,BirdChicken,MiddlePhalanxOutlineCorrect,RefrigerationDevices,ProximalPhalanxOutlineAgeGroup,SonyAIBORobotSurfaceII,Gun_Point,OliveOil,DistalPhalanxOutlineCorrect,MoteStrain,MiddlePhalanxTW,CBF,MiddlePhalanxOutlineAgeGroup,ChlorineConcentration,Trace,BeetleFly,wafer,Earthquakes,Ham,yoga,ShapeletSim,Strawberry,Plane,SwedishLeaf,WormsTwoClass,DiatomSizeReduction,Meat,Car,Haptics,FISH,Beef,Herring,ArrowHead,Coffee,Wine,NonInvasiveFatalECG_Thorax2,HandOutlines,FaceFour,NonInvasiveFatalECG_Thorax1
Wine,Coffee,ArrowHead,FacesUCR,Beef,Phoneme,50words,ECG5000,MedicalImages,WordsSynonyms,HandOutlines,Meat,synthetic_control,uWaveGestureLibrary_Y,Worms,WormsTwoClass,Cricket_Y,FaceAll,Lighting7,wafer,MALLAT,DistalPhalanxTW,MiddlePhalanxTW,ProximalPhalanxTW,CinC_ECG_torso,CBF,OliveOil,Gun_Point,ProximalPhalanxOutlineAgeGroup,ShapesAll,ProximalPhalanxOutlineCorrect,uWaveGestureLibrary_Z,UWaveGestureLibraryAll,PhalangesOutlinesCorrect,Cricket_Z,Lighting2,Cricket_X,uWaveGestureLibrary_X,InsectWingbeatSound,MiddlePhalanxOutlineCorrect,DistalPhalanxOutlineAgeGroup,MiddlePhalanxOutlineAgeGroup,ChlorineConcentration,RefrigerationDevices,DistalPhalanxOutlineCorrect,Ham,SonyAIBORobotSurfaceII,Earthquakes,Symbols,Computers,InlineSkate,MoteStrain,ItalyPowerDemand,ScreenType,ECGFiveDays,LargeKitchenAppliances,ToeSegmentation1,FordA,ToeSegmentation2,SmallKitchenAppliances,Two_Patterns,TwoLeadECG,FordB,ECG200,OSULeaf,SonyAIBORobotSurface,Trace,ShapeletSim,BeetleFly,BirdChicken,Adiac,yoga,Plane,SwedishLeaf,DiatomSizeReduction,Car,Haptics,FISH,Herring,NonInvasiveFatalECG_Thorax2,FaceFour,NonInvasiveFatalECG_Thorax1,Strawberry
WordsSynonyms,MALLAT,Lighting7,FaceAll,Phoneme,Cricket_X,Lighting2,ECG5000,synthetic_control,OliveOil,Cricket_Z,MiddlePhalanxTW,MedicalImages,FacesUCR,Gun_Point,ShapesAll,ProximalPhalanxTW,DistalPhalanxOutlineAgeGroup,PhalangesOutlinesCorrect,Meat,ProximalPhalanxOutlineCorrect,MiddlePhalanxOutlineCorrect,Strawberry,CinC_ECG_torso,ProximalPhalanxOutlineAgeGroup,uWaveGestureLibrary_Y,WormsTwoClass,DistalPhalanxTW,uWaveGestureLibrary_X,InsectWingbeatSound,Worms,UWaveGestureLibraryAll,Cricket_Y,uWaveGestureLibrary_Z,CBF,wafer,MiddlePhalanxOutlineAgeGroup,ChlorineConcentration,RefrigerationDevices,DistalPhalanxOutlineCorrect,Ham,SonyAIBORobotSurfaceII,Beef,Earthquakes,ArrowHead,Symbols,Coffee,Computers,InlineSkate,MoteStrain,Wine,ItalyPowerDemand,ScreenType,ECGFiveDays,LargeKitchenAppliances,ToeSegmentation1,FordA,ToeSegmentation2,SmallKitchenAppliances,HandOutlines,Two_Patterns,TwoLeadECG,FordB,ECG200,OSULeaf,SonyAIBORobotSurface,Trace,ShapeletSim,BeetleFly,BirdChicken,Adiac,yoga,Plane,SwedishLeaf,DiatomSizeReduction,Car,Haptics,FISH,Herring,NonInvasiveFatalECG_Thorax2,FaceFour,NonInvasiveFatalECG_Thorax1,50words
Worms,Cricket_X,50words,ShapesAll,Phoneme,uWaveGestureLibrary_Y,ProximalPhalanxOutlineAgeGroup,FordB,Cricket_Y,FacesUCR,Gun_Point,MALLAT,TwoLeadECG,MedicalImages,WordsSynonyms,Cricket_Z,OliveOil,uWaveGestureLibrary_Z,ProximalPhalanxOutlineCorrect,SonyAIBORobotSurface,Trace,Two_Patterns,BeetleFly,SmallKitchenAppliances,ECG200,UWaveGestureLibraryAll,BirdChicken,MoteStrain,FaceAll,InlineSkate,Lighting7,uWaveGestureLibrary_X,CBF,FordA,HandOutlines,synthetic_control,ItalyPowerDemand,CinC_ECG_torso,Symbols,ProximalPhalanxTW,ShapeletSim,ECGFiveDays,OSULeaf,PhalangesOutlinesCorrect,ECG5000,MiddlePhalanxTW,ToeSegmentation2,DistalPhalanxTW,Strawberry,Lighting2,LargeKitchenAppliances,Adiac,InsectWingbeatSound,SonyAIBORobotSurfaceII,wafer,ToeSegmentation1,MiddlePhalanxOutlineCorrect,RefrigerationDevices,DistalPhalanxOutlineAgeGroup,MiddlePhalanxOutlineAgeGroup,ChlorineConcentration,Computers,ArrowHead,DistalPhalanxOutlineCorrect,Ham,ScreenType,yoga,Earthquakes,Wine,Coffee,Meat,Plane,Beef,SwedishLeaf,DiatomSizeReduction,Car,Haptics,FISH,Herring,NonInvasiveFatalECG_Thorax2,FaceFour,NonInvasiveFatalECG_Thorax1,WormsTwoClass
WormsTwoClass,Cricket_Y,50words,WordsSynonyms,FaceAll,FacesUCR,Phoneme,uWaveGestureLibrary_Y,Lighting7,ECG5000,Meat,wafer,synthetic_control,MALLAT,Strawberry,DistalPhalanxTW,MiddlePhalanxTW,ProximalPhalanxTW,CinC_ECG_torso,CBF,OliveOil,MedicalImages,Gun_Point,ProximalPhalanxOutlineAgeGroup,ShapesAll,ProximalPhalanxOutlineCorrect,uWaveGestureLibrary_Z,UWaveGestureLibraryAll,PhalangesOutlinesCorrect,Beef,Cricket_Z,Lighting2,Cricket_X,ArrowHead,uWaveGestureLibrary_X,InsectWingbeatSound,Coffee,MiddlePhalanxOutlineCorrect,Wine,DistalPhalanxOutlineAgeGroup,MiddlePhalanxOutlineAgeGroup,ChlorineConcentration,RefrigerationDevices,DistalPhalanxOutlineCorrect,Ham,SonyAIBORobotSurfaceII,Earthquakes,Symbols,Computers,InlineSkate,MoteStrain,ItalyPowerDemand,ScreenType,HandOutlines,ECGFiveDays,LargeKitchenAppliances,ToeSegmentation1,FordA,ToeSegmentation2,SmallKitchenAppliances,Two_Patterns,TwoLeadECG,FordB,ECG200,OSULeaf,SonyAIBORobotSurface,Trace,ShapeletSim,BeetleFly,BirdChicken,Adiac,yoga,Plane,SwedishLeaf,DiatomSizeReduction,Car,Haptics,FISH,Herring,NonInvasiveFatalECG_Thorax2,FaceFour,NonInvasiveFatalECG_Thorax1,Worms
synthetic_control,MiddlePhalanxOutlineAgeGroup,DiatomSizeReduction,WordsSynonyms,ProximalPhalanxTW,FacesUCR,50words,CBF,Cricket_Z,Meat,ShapesAll,Lighting7,Cricket_Y,Phoneme,uWaveGestureLibrary_Y,ChlorineConcentration,UWaveGestureLibraryAll,OSULeaf,Adiac,SwedishLeaf,SonyAIBORobotSurfaceII,MedicalImages,uWaveGestureLibrary_X,RefrigerationDevices,DistalPhalanxOutlineAgeGroup,BirdChicken,Lighting2,Cricket_X,MiddlePhalanxOutlineCorrect,DistalPhalanxOutlineCorrect,ProximalPhalanxOutlineCorrect,ECG200,ShapeletSim,Ham,MiddlePhalanxTW,Worms,ToeSegmentation1,ProximalPhalanxOutlineAgeGroup,InsectWingbeatSound,FaceAll,PhalangesOutlinesCorrect,Trace,BeetleFly,SmallKitchenAppliances,WormsTwoClass,MoteStrain,Car,uWaveGestureLibrary_Z,SonyAIBORobotSurface,Earthquakes,DistalPhalanxTW,Symbols,MALLAT,Computers,Plane,Haptics,wafer,ECG5000,InlineSkate,yoga,Gun_Point,ToeSegmentation2,OliveOil,ItalyPowerDemand,ScreenType,Beef,FISH,CinC_ECG_torso,ECGFiveDays,ArrowHead,Strawberry,Coffee,TwoLeadECG,FordB,Wine,Herring,LargeKitchenAppliances,Two_Patterns,FordA,HandOutlines,NonInvasiveFatalECG_Thorax2,FaceFour,NonInvasiveFatalECG_Thorax1
uWaveGestureLibrary_X,FacesUCR,InsectWingbeatSound,RefrigerationDevices,ScreenType,ShapesAll,BirdChicken,Cricket_Y,FaceAll,ECGFiveDays,MiddlePhalanxTW,ECG200,PhalangesOutlinesCorrect,Cricket_X,Phoneme,Lighting7,WordsSynonyms,MedicalImages,SonyAIBORobotSurfaceII,MiddlePhalanxOutlineCorrect,ProximalPhalanxTW,Ham,DistalPhalanxTW,InlineSkate,synthetic_control,LargeKitchenAppliances,ProximalPhalanxOutlineCorrect,Cricket_Z,MiddlePhalanxOutlineAgeGroup,50words,DistalPhalanxOutlineAgeGroup,UWaveGestureLibraryAll,FordA,Earthquakes,CBF,Lighting2,ProximalPhalanxOutlineAgeGroup,ToeSegmentation1,Worms,Symbols,ItalyPowerDemand,CinC_ECG_torso,Computers,ChlorineConcentration,Trace,BeetleFly,SmallKitchenAppliances,DistalPhalanxOutlineCorrect,MoteStrain,ToeSegmentation2,ECG5000,SonyAIBORobotSurface,MALLAT,ShapeletSim,Adiac,Two_Patterns,Gun_Point,OliveOil,TwoLeadECG,FordB,OSULeaf,wafer,Strawberry,yoga,Plane,WormsTwoClass,SwedishLeaf,DiatomSizeReduction,Meat,Car,Haptics,uWaveGestureLibrary_Z,FISH,Beef,ArrowHead,Coffee,Herring,Wine,HandOutlines,NonInvasiveFatalECG_Thorax2,FaceFour,NonInvasiveFatalECG_Thorax1,uWaveGestureLibrary_Y
uWaveGestureLibrary_Y,ShapesAll,DistalPhalanxTW,CBF,Earthquakes,ScreenType,UWaveGestureLibraryAll,Cricket_X,Worms,RefrigerationDevices,DistalPhalanxOutlineAgeGroup,Meat,FacesUCR,ProximalPhalanxOutlineAgeGroup,FaceAll,ECGFiveDays,MiddlePhalanxOutlineAgeGroup,InsectWingbeatSound,Phoneme,Lighting7,Symbols,synthetic_control,SonyAIBORobotSurface,Cricket_Y,WordsSynonyms,ECG5000,50words,Cricket_Z,LargeKitchenAppliances,MedicalImages,Computers,Trace,MiddlePhalanxTW,FordA,InlineSkate,BeetleFly,SmallKitchenAppliances,BirdChicken,wafer,MoteStrain,ToeSegmentation1,SonyAIBORobotSurfaceII,MiddlePhalanxOutlineCorrect,ProximalPhalanxTW,Ham,ItalyPowerDemand,WormsTwoClass,CinC_ECG_torso,DistalPhalanxOutlineCorrect,ECG200,MALLAT,ShapeletSim,ToeSegmentation2,Strawberry,Adiac,ChlorineConcentration,Lighting2,Two_Patterns,OSULeaf,OliveOil,TwoLeadECG,Gun_Point,FordB,ProximalPhalanxOutlineCorrect,PhalangesOutlinesCorrect,yoga,Beef,ArrowHead,Coffee,Plane,Wine,SwedishLeaf,DiatomSizeReduction,Car,HandOutlines,Haptics,FISH,Herring,NonInvasiveFatalECG_Thorax2,FaceFour,NonInvasiveFatalECG_Thorax1,uWaveGestureLibrary_Z,uWaveGestureLibrary_X
uWaveGestureLibrary_Z,ProximalPhalanxTW,Cricket_X,UWaveGestureLibraryAll,Two_Patterns,CinC_ECG_torso,50words,Cricket_Z,Phoneme,SonyAIBORobotSurface,Trace,Cricket_Y,SmallKitchenAppliances,TwoLeadECG,Symbols,FacesUCR,FaceAll,ShapeletSim,ECGFiveDays,ShapesAll,MALLAT,ECG5000,PhalangesOutlinesCorrect,MoteStrain,Worms,WordsSynonyms,OSULeaf,ItalyPowerDemand,FordB,FordA,BeetleFly,ToeSegmentation2,InlineSkate,Lighting2,Lighting7,ECG200,ProximalPhalanxOutlineCorrect,LargeKitchenAppliances,MedicalImages,InsectWingbeatSound,DistalPhalanxTW,ProximalPhalanxOutlineAgeGroup,Gun_Point,BirdChicken,OliveOil,SonyAIBORobotSurfaceII,MiddlePhalanxOutlineCorrect,RefrigerationDevices,synthetic_control,CBF,DistalPhalanxOutlineAgeGroup,MiddlePhalanxOutlineAgeGroup,ToeSegmentation1,ChlorineConcentration,Computers,DistalPhalanxOutlineCorrect,MiddlePhalanxTW,Ham,Strawberry,ScreenType,Adiac,wafer,Earthquakes,WormsTwoClass,yoga,Plane,Meat,SwedishLeaf,DiatomSizeReduction,Car,Beef,uWaveGestureLibrary_X,Haptics,ArrowHead,Coffee,Wine,FISH,Herring,HandOutlines,NonInvasiveFatalECG_Thorax2,FaceFour,uWaveGestureLibrary_Y,NonInvasiveFatalECG_Thorax1
wafer,ShapesAll,50words,Cricket_Z,FaceAll,WordsSynonyms,ECG5000,yoga,Lighting7,MALLAT,Strawberry,uWaveGestureLibrary_Y,Phoneme,DistalPhalanxTW,MiddlePhalanxTW,ToeSegmentation2,WormsTwoClass,Cricket_Y,ProximalPhalanxTW,CinC_ECG_torso,ToeSegmentation1,CBF,Adiac,OliveOil,Plane,Gun_Point,UWaveGestureLibraryAll,FacesUCR,ProximalPhalanxOutlineAgeGroup,Worms,synthetic_control,MedicalImages,ProximalPhalanxOutlineCorrect,SwedishLeaf,uWaveGestureLibrary_X,uWaveGestureLibrary_Z,BirdChicken,ShapeletSim,Meat,PhalangesOutlinesCorrect,Cricket_X,Lighting2,OSULeaf,Trace,BeetleFly,SmallKitchenAppliances,DiatomSizeReduction,InsectWingbeatSound,MoteStrain,MiddlePhalanxOutlineCorrect,DistalPhalanxOutlineAgeGroup,MiddlePhalanxOutlineAgeGroup,ChlorineConcentration,Car,RefrigerationDevices,DistalPhalanxOutlineCorrect,Ham,Haptics,SonyAIBORobotSurfaceII,Beef,Earthquakes,Symbols,ECG200,Computers,ArrowHead,FISH,InlineSkate,Coffee,SonyAIBORobotSurface,Wine,ItalyPowerDemand,ScreenType,ECGFiveDays,Herring,LargeKitchenAppliances,TwoLeadECG,FordB,FordA,Two_Patterns,HandOutlines,NonInvasiveFatalECG_Thorax2,FaceFour,NonInvasiveFatalECG_Thorax1
yoga,Cricket_Z,ToeSegmentation2,ShapesAll,wafer,Phoneme,Adiac,Plane,ToeSegmentation1,SwedishLeaf,UWaveGestureLibraryAll,synthetic_control,ShapeletSim,uWaveGestureLibrary_Y,FacesUCR,DiatomSizeReduction,uWaveGestureLibrary_X,BirdChicken,Cricket_X,Worms,Trace,BeetleFly,SmallKitchenAppliances,MoteStrain,Cricket_Y,Car,uWaveGestureLibrary_Z,Haptics,FISH,SonyAIBORobotSurfaceII,RefrigerationDevices,ECG200,Symbols,Herring,SonyAIBORobotSurface,Earthquakes,InlineSkate,CinC_ECG_torso,TwoLeadECG,FordB,Two_Patterns,FordA,ItalyPowerDemand,ECGFiveDays,NonInvasiveFatalECG_Thorax2,ECG5000,LargeKitchenAppliances,DistalPhalanxTW,FaceAll,InsectWingbeatSound,DistalPhalanxOutlineAgeGroup,Computers,FaceFour,ScreenType,Lighting7,ProximalPhalanxTW,DistalPhalanxOutlineCorrect,MiddlePhalanxTW,MedicalImages,ProximalPhalanxOutlineAgeGroup,CBF,MiddlePhalanxOutlineAgeGroup,MiddlePhalanxOutlineCorrect,Ham,NonInvasiveFatalECG_Thorax1,ChlorineConcentration,Lighting2,50words,WordsSynonyms,ProximalPhalanxOutlineCorrect,PhalangesOutlinesCorrect,MALLAT,Gun_Point,OliveOil,Strawberry,WormsTwoClass,Meat,Beef,ArrowHead,Coffee,Wine,HandOutlines,OSULeaf
