,K_1,K_2,K_3,K_4,K_5,K_6,K_7,K_8,K_9,K_10,K_11,K_12,K_13,K_14,K_15,K_16,K_17,K_18,K_19,K_20,K_21,K_22,K_23,K_24,K_25,K_26,K_27,K_28,K_29,K_30,K_31,K_32,K_33,K_34,K_35,K_36,K_37,K_38,K_39,K_40,K_41,K_42,K_43,K_44,K_45,K_46,K_47,K_48,K_49,K_50,K_51,K_52,K_53,K_54,K_55,K_56,K_57,K_58,K_59,K_60,K_61
50words,FaceAll,OliveOil,ShapesAll,Gun_Point,Lighting7,ProximalPhalanxTW,MedicalImages,Meat,ProximalPhalanxOutlineCorrect,ProximalPhalanxOutlineAgeGroup,Strawberry,Worms,Cricket_X,CBF,MiddlePhalanxTW,Cricket_Z,Lighting2,WormsTwoClass,DistalPhalanxTW,synthetic_control,MiddlePhalanxOutlineCorrect,MiddlePhalanxOutlineAgeGroup,DistalPhalanxOutlineAgeGroup,Cricket_Y,Ham,Beef,DistalPhalanxOutlineCorrect,RefrigerationDevices,SonyAIBORobotSurfaceII,ArrowHead,Earthquakes,Computers,Symbols,Coffee,InlineSkate,Wine,ScreenType,MoteStrain,ItalyPowerDemand,ECGFiveDays,LargeKitchenAppliances,ToeSegmentation1,SmallKitchenAppliances,TwoLeadECG,ECG200,OSULeaf,SonyAIBORobotSurface,Trace,ShapeletSim,BeetleFly,BirdChicken,Adiac,Plane,SwedishLeaf,DiatomSizeReduction,Car,Haptics,FISH,Herring,FaceFour,WordsSynonyms
Adiac,ShapesAll,Car,OSULeaf,SwedishLeaf,FISH,DiatomSizeReduction,Haptics,BirdChicken,BeetleFly,Symbols,RefrigerationDevices,Herring,synthetic_control,ShapeletSim,Earthquakes,Plane,Cricket_Z,ToeSegmentation1,Cricket_X,FaceFour,Trace,Cricket_Y,Worms,SmallKitchenAppliances,MoteStrain,SonyAIBORobotSurfaceII,ECG200,SonyAIBORobotSurface,InlineSkate,TwoLeadECG,ItalyPowerDemand,ECGFiveDays,DistalPhalanxTW,LargeKitchenAppliances,FaceAll,50words,ScreenType,DistalPhalanxOutlineAgeGroup,Computers,MedicalImages,ProximalPhalanxTW,WordsSynonyms,Lighting7,MiddlePhalanxTW,DistalPhalanxOutlineCorrect,MiddlePhalanxOutlineAgeGroup,ProximalPhalanxOutlineAgeGroup,CBF,Ham,MiddlePhalanxOutlineCorrect,Lighting2,ProximalPhalanxOutlineCorrect,OliveOil,Gun_Point,Strawberry,WormsTwoClass,Meat,Beef,ArrowHead,Coffee,Wine
ArrowHead,Beef,Wine,Coffee,50words,WordsSynonyms,Meat,MedicalImages,WormsTwoClass,FaceAll,Worms,synthetic_control,Lighting7,Strawberry,OliveOil,ProximalPhalanxTW,ShapesAll,MiddlePhalanxTW,Cricket_Y,Gun_Point,CBF,DistalPhalanxTW,ProximalPhalanxOutlineAgeGroup,Cricket_X,ProximalPhalanxOutlineCorrect,Cricket_Z,Lighting2,MiddlePhalanxOutlineAgeGroup,DistalPhalanxOutlineAgeGroup,MiddlePhalanxOutlineCorrect,Ham,DistalPhalanxOutlineCorrect,InlineSkate,ScreenType,RefrigerationDevices,Symbols,Computers,LargeKitchenAppliances,ItalyPowerDemand,ECGFiveDays,SonyAIBORobotSurfaceII,SmallKitchenAppliances,MoteStrain,TwoLeadECG,ECG200,ToeSegmentation1,SonyAIBORobotSurface,Earthquakes,Trace,OSULeaf,Adiac,ShapeletSim,BeetleFly,BirdChicken,SwedishLeaf,DiatomSizeReduction,Car,Plane,FISH,Herring,Haptics,FaceFour
Beef,ArrowHead,Coffee,Wine,50words,WordsSynonyms,Meat,WormsTwoClass,FaceAll,MedicalImages,Strawberry,Worms,OliveOil,Lighting7,synthetic_control,ShapesAll,ProximalPhalanxTW,Gun_Point,CBF,MiddlePhalanxTW,Cricket_X,ProximalPhalanxOutlineCorrect,ProximalPhalanxOutlineAgeGroup,DistalPhalanxTW,Cricket_Z,Lighting2,Cricket_Y,MiddlePhalanxOutlineAgeGroup,DistalPhalanxOutlineAgeGroup,MiddlePhalanxOutlineCorrect,Ham,DistalPhalanxOutlineCorrect,ScreenType,InlineSkate,RefrigerationDevices,Computers,LargeKitchenAppliances,Symbols,ItalyPowerDemand,ECGFiveDays,SmallKitchenAppliances,TwoLeadECG,SonyAIBORobotSurfaceII,MoteStrain,ECG200,SonyAIBORobotSurface,Trace,ToeSegmentation1,OSULeaf,Adiac,Earthquakes,ShapeletSim,SwedishLeaf,DiatomSizeReduction,BirdChicken,Car,BeetleFly,FISH,Plane,Herring,FaceFour,Haptics
BeetleFly,Adiac,FISH,SwedishLeaf,OSULeaf,Trace,RefrigerationDevices,DiatomSizeReduction,Cricket_X,Cricket_Z,Cricket_Y,Car,Symbols,Haptics,synthetic_control,ShapeletSim,Worms,Plane,SmallKitchenAppliances,FaceFour,ToeSegmentation1,SonyAIBORobotSurface,InlineSkate,ECG200,LargeKitchenAppliances,DistalPhalanxTW,MoteStrain,FaceAll,ScreenType,MiddlePhalanxTW,ProximalPhalanxTW,MedicalImages,SonyAIBORobotSurfaceII,TwoLeadECG,MiddlePhalanxOutlineAgeGroup,Lighting7,DistalPhalanxOutlineAgeGroup,WordsSynonyms,50words,ProximalPhalanxOutlineAgeGroup,OliveOil,CBF,ItalyPowerDemand,ECGFiveDays,Computers,Meat,DistalPhalanxOutlineCorrect,MiddlePhalanxOutlineCorrect,Ham,Lighting2,ProximalPhalanxOutlineCorrect,Beef,Gun_Point,ArrowHead,Strawberry,WormsTwoClass,Coffee,Wine,ShapesAll,BirdChicken,Herring,Earthquakes
BirdChicken,Adiac,Cricket_Z,synthetic_control,Cricket_X,Worms,Trace,Car,SmallKitchenAppliances,MoteStrain,Cricket_Y,ShapeletSim,OSULeaf,SwedishLeaf,ToeSegmentation1,DiatomSizeReduction,FISH,SonyAIBORobotSurfaceII,Symbols,ECG200,SonyAIBORobotSurface,Plane,InlineSkate,TwoLeadECG,ItalyPowerDemand,ECGFiveDays,Haptics,LargeKitchenAppliances,DistalPhalanxTW,RefrigerationDevices,FaceAll,DistalPhalanxOutlineAgeGroup,Computers,ScreenType,Lighting7,ProximalPhalanxTW,FaceFour,DistalPhalanxOutlineCorrect,MiddlePhalanxTW,MedicalImages,ProximalPhalanxOutlineAgeGroup,CBF,MiddlePhalanxOutlineAgeGroup,MiddlePhalanxOutlineCorrect,Ham,Lighting2,50words,WordsSynonyms,ProximalPhalanxOutlineCorrect,Gun_Point,OliveOil,Strawberry,WormsTwoClass,Meat,Beef,ArrowHead,Coffee,Wine,ShapesAll,BeetleFly,Herring,Earthquakes
CBF,50words,Lighting7,MedicalImages,WordsSynonyms,MiddlePhalanxOutlineAgeGroup,MiddlePhalanxTW,Cricket_X,ProximalPhalanxTW,FaceAll,OliveOil,DistalPhalanxTW,ProximalPhalanxOutlineAgeGroup,DistalPhalanxOutlineAgeGroup,ShapesAll,MiddlePhalanxOutlineCorrect,Ham,Lighting2,Cricket_Z,DistalPhalanxOutlineCorrect,ScreenType,InlineSkate,ProximalPhalanxOutlineCorrect,Gun_Point,Computers,RefrigerationDevices,Cricket_Y,Symbols,LargeKitchenAppliances,Strawberry,synthetic_control,ItalyPowerDemand,ECGFiveDays,Worms,SonyAIBORobotSurfaceII,SmallKitchenAppliances,WormsTwoClass,MoteStrain,Meat,TwoLeadECG,Beef,ECG200,ToeSegmentation1,SonyAIBORobotSurface,Earthquakes,ArrowHead,Trace,OSULeaf,Coffee,Wine,Adiac,ShapeletSim,BeetleFly,BirdChicken,DiatomSizeReduction,Car,Plane,FISH,Herring,FaceFour,Haptics,SwedishLeaf
Car,Adiac,ShapesAll,OSULeaf,DiatomSizeReduction,SwedishLeaf,FISH,BirdChicken,Symbols,Herring,synthetic_control,BeetleFly,ShapeletSim,Plane,RefrigerationDevices,Cricket_Z,Earthquakes,Cricket_X,Trace,ToeSegmentation1,Cricket_Y,FaceFour,Worms,SmallKitchenAppliances,MoteStrain,ECG200,SonyAIBORobotSurface,SonyAIBORobotSurfaceII,InlineSkate,TwoLeadECG,ECGFiveDays,ItalyPowerDemand,LargeKitchenAppliances,DistalPhalanxTW,FaceAll,Haptics,DistalPhalanxOutlineAgeGroup,ScreenType,Computers,ProximalPhalanxTW,Lighting7,MiddlePhalanxTW,MedicalImages,DistalPhalanxOutlineCorrect,ProximalPhalanxOutlineAgeGroup,MiddlePhalanxOutlineAgeGroup,CBF,Ham,MiddlePhalanxOutlineCorrect,50words,Lighting2,WordsSynonyms,ProximalPhalanxOutlineCorrect,Gun_Point,OliveOil,Strawberry,WormsTwoClass,Meat,Beef,ArrowHead,Coffee,Wine
Coffee,Wine,Beef,ArrowHead,50words,MedicalImages,WordsSynonyms,Meat,synthetic_control,WormsTwoClass,Worms,Cricket_Y,FaceAll,Lighting7,Strawberry,DistalPhalanxTW,MiddlePhalanxTW,ProximalPhalanxTW,CBF,OliveOil,Gun_Point,ProximalPhalanxOutlineAgeGroup,ShapesAll,ProximalPhalanxOutlineCorrect,Cricket_Z,Lighting2,Cricket_X,MiddlePhalanxOutlineCorrect,DistalPhalanxOutlineAgeGroup,MiddlePhalanxOutlineAgeGroup,RefrigerationDevices,DistalPhalanxOutlineCorrect,Ham,SonyAIBORobotSurfaceII,Earthquakes,Symbols,Computers,InlineSkate,MoteStrain,ItalyPowerDemand,ScreenType,ECGFiveDays,LargeKitchenAppliances,ToeSegmentation1,SmallKitchenAppliances,TwoLeadECG,ECG200,OSULeaf,SonyAIBORobotSurface,Trace,ShapeletSim,BeetleFly,BirdChicken,Adiac,Plane,SwedishLeaf,DiatomSizeReduction,Car,Haptics,FISH,Herring,FaceFour
Computers,FaceAll,DistalPhalanxTW,Symbols,ProximalPhalanxOutlineAgeGroup,CBF,Earthquakes,ShapesAll,DistalPhalanxOutlineAgeGroup,MedicalImages,MiddlePhalanxOutlineAgeGroup,MiddlePhalanxTW,InlineSkate,MoteStrain,Lighting7,DistalPhalanxOutlineCorrect,ProximalPhalanxTW,Cricket_X,SonyAIBORobotSurfaceII,MiddlePhalanxOutlineCorrect,Cricket_Y,Ham,ItalyPowerDemand,Cricket_Z,ECGFiveDays,Lighting2,50words,synthetic_control,WordsSynonyms,ToeSegmentation1,ProximalPhalanxOutlineCorrect,Worms,Gun_Point,OliveOil,TwoLeadECG,ECG200,Strawberry,OSULeaf,SonyAIBORobotSurface,WormsTwoClass,Trace,Meat,ShapeletSim,BeetleFly,BirdChicken,Beef,ArrowHead,Coffee,Wine,Adiac,Plane,SwedishLeaf,Car,DiatomSizeReduction,FISH,Haptics,Herring,FaceFour,ScreenType,LargeKitchenAppliances,RefrigerationDevices,SmallKitchenAppliances
Cricket_X,WordsSynonyms,50words,MedicalImages,ShapesAll,FaceAll,Lighting7,MiddlePhalanxTW,ProximalPhalanxTW,InlineSkate,DistalPhalanxTW,MiddlePhalanxOutlineAgeGroup,ScreenType,DistalPhalanxOutlineAgeGroup,synthetic_control,ProximalPhalanxOutlineAgeGroup,OliveOil,CBF,Trace,Worms,Symbols,LargeKitchenAppliances,SmallKitchenAppliances,TwoLeadECG,ECGFiveDays,ItalyPowerDemand,Adiac,RefrigerationDevices,Computers,ECG200,OSULeaf,SonyAIBORobotSurface,DistalPhalanxOutlineCorrect,SwedishLeaf,Ham,SonyAIBORobotSurfaceII,MiddlePhalanxOutlineCorrect,MoteStrain,Lighting2,Beef,FISH,Meat,ToeSegmentation1,ProximalPhalanxOutlineCorrect,Car,Gun_Point,DiatomSizeReduction,Strawberry,ShapeletSim,ArrowHead,WormsTwoClass,Plane,BirdChicken,BeetleFly,Earthquakes,Coffee,Wine,Herring,FaceFour,Haptics,Cricket_Z,Cricket_Y
Cricket_Y,ShapesAll,InlineSkate,Trace,FaceAll,50words,DistalPhalanxTW,MedicalImages,WordsSynonyms,Worms,synthetic_control,Symbols,SmallKitchenAppliances,ProximalPhalanxTW,MiddlePhalanxTW,Lighting7,SonyAIBORobotSurface,LargeKitchenAppliances,TwoLeadECG,ECG200,ScreenType,DistalPhalanxOutlineAgeGroup,MiddlePhalanxOutlineAgeGroup,ECGFiveDays,Adiac,ItalyPowerDemand,ProximalPhalanxOutlineAgeGroup,Computers,OSULeaf,OliveOil,CBF,SonyAIBORobotSurfaceII,MoteStrain,RefrigerationDevices,ToeSegmentation1,SwedishLeaf,DistalPhalanxOutlineCorrect,Car,Ham,MiddlePhalanxOutlineCorrect,DiatomSizeReduction,FISH,Lighting2,ProximalPhalanxOutlineCorrect,ShapeletSim,Gun_Point,Meat,Beef,Strawberry,BirdChicken,BeetleFly,Earthquakes,WormsTwoClass,Plane,ArrowHead,Herring,Coffee,Wine,FaceFour,Haptics,Cricket_Z,Cricket_X
Cricket_Z,ShapesAll,50words,Trace,WordsSynonyms,FaceAll,synthetic_control,InlineSkate,MedicalImages,DistalPhalanxTW,ProximalPhalanxTW,Adiac,Worms,MiddlePhalanxTW,Lighting7,Symbols,SmallKitchenAppliances,SonyAIBORobotSurface,SwedishLeaf,OSULeaf,ECG200,LargeKitchenAppliances,TwoLeadECG,ScreenType,Car,DistalPhalanxOutlineAgeGroup,DiatomSizeReduction,ECGFiveDays,RefrigerationDevices,ItalyPowerDemand,ToeSegmentation1,OliveOil,FISH,MiddlePhalanxOutlineAgeGroup,MoteStrain,ProximalPhalanxOutlineAgeGroup,Computers,SonyAIBORobotSurfaceII,CBF,ShapeletSim,DistalPhalanxOutlineCorrect,Ham,BirdChicken,MiddlePhalanxOutlineCorrect,BeetleFly,Lighting2,ProximalPhalanxOutlineCorrect,Plane,Gun_Point,Beef,Earthquakes,Strawberry,Meat,Herring,WormsTwoClass,FaceFour,ArrowHead,Coffee,Wine,Haptics,Cricket_X,Cricket_Y
DiatomSizeReduction,Adiac,ShapesAll,FISH,SwedishLeaf,OSULeaf,Symbols,Car,Herring,BeetleFly,BirdChicken,synthetic_control,ShapeletSim,RefrigerationDevices,Plane,Cricket_Z,Earthquakes,FaceFour,Cricket_X,Trace,Cricket_Y,ToeSegmentation1,Worms,SmallKitchenAppliances,MoteStrain,ECG200,SonyAIBORobotSurface,SonyAIBORobotSurfaceII,InlineSkate,TwoLeadECG,LargeKitchenAppliances,DistalPhalanxTW,ECGFiveDays,ItalyPowerDemand,FaceAll,ScreenType,Haptics,DistalPhalanxOutlineAgeGroup,Computers,ProximalPhalanxTW,MedicalImages,MiddlePhalanxTW,Lighting7,MiddlePhalanxOutlineAgeGroup,DistalPhalanxOutlineCorrect,ProximalPhalanxOutlineAgeGroup,CBF,WordsSynonyms,Ham,50words,MiddlePhalanxOutlineCorrect,Lighting2,ProximalPhalanxOutlineCorrect,OliveOil,Gun_Point,Strawberry,WormsTwoClass,Meat,Beef,ArrowHead,Coffee,Wine
DistalPhalanxOutlineAgeGroup,WordsSynonyms,FaceAll,Lighting7,Cricket_X,50words,MedicalImages,InlineSkate,Cricket_Y,ShapesAll,LargeKitchenAppliances,ScreenType,Cricket_Z,CBF,Ham,Computers,RefrigerationDevices,Lighting2,Symbols,OliveOil,ECGFiveDays,ItalyPowerDemand,SmallKitchenAppliances,Worms,synthetic_control,Gun_Point,SonyAIBORobotSurfaceII,TwoLeadECG,DistalPhalanxTW,Strawberry,MoteStrain,ECG200,ToeSegmentation1,MiddlePhalanxTW,SonyAIBORobotSurface,MiddlePhalanxOutlineAgeGroup,Meat,WormsTwoClass,DistalPhalanxOutlineCorrect,Trace,MiddlePhalanxOutlineCorrect,OSULeaf,Earthquakes,Beef,ProximalPhalanxTW,ArrowHead,ProximalPhalanxOutlineAgeGroup,Coffee,Wine,Adiac,ShapeletSim,ProximalPhalanxOutlineCorrect,BeetleFly,BirdChicken,SwedishLeaf,Car,DiatomSizeReduction,FISH,Plane,Herring,FaceFour,Haptics
DistalPhalanxOutlineCorrect,MoteStrain,InlineSkate,MedicalImages,Lighting7,ShapesAll,FaceAll,Computers,ItalyPowerDemand,ScreenType,Symbols,CBF,Earthquakes,Ham,Cricket_X,WordsSynonyms,Cricket_Y,ECGFiveDays,50words,SonyAIBORobotSurfaceII,Cricket_Z,Lighting2,LargeKitchenAppliances,ToeSegmentation1,RefrigerationDevices,synthetic_control,OliveOil,SmallKitchenAppliances,TwoLeadECG,Worms,DistalPhalanxOutlineAgeGroup,Gun_Point,ECG200,DistalPhalanxTW,OSULeaf,Strawberry,SonyAIBORobotSurface,MiddlePhalanxOutlineAgeGroup,MiddlePhalanxTW,WormsTwoClass,Meat,MiddlePhalanxOutlineCorrect,Trace,ShapeletSim,BeetleFly,Beef,BirdChicken,ProximalPhalanxOutlineAgeGroup,ProximalPhalanxTW,Adiac,ArrowHead,Coffee,Wine,ProximalPhalanxOutlineCorrect,Plane,SwedishLeaf,DiatomSizeReduction,Car,Haptics,FISH,Herring,FaceFour
DistalPhalanxTW,50words,InlineSkate,FaceAll,LargeKitchenAppliances,MedicalImages,Cricket_Y,Cricket_X,ShapesAll,WordsSynonyms,ScreenType,Lighting7,Cricket_Z,Computers,ECGFiveDays,ItalyPowerDemand,Symbols,CBF,SmallKitchenAppliances,RefrigerationDevices,Ham,OliveOil,Worms,Lighting2,TwoLeadECG,synthetic_control,SonyAIBORobotSurfaceII,Gun_Point,ECG200,SonyAIBORobotSurface,Strawberry,MoteStrain,ToeSegmentation1,Trace,Meat,WormsTwoClass,DistalPhalanxOutlineAgeGroup,MiddlePhalanxTW,Beef,OSULeaf,DistalPhalanxOutlineCorrect,ArrowHead,Adiac,ShapeletSim,MiddlePhalanxOutlineAgeGroup,Coffee,Wine,ProximalPhalanxTW,Earthquakes,BirdChicken,SwedishLeaf,BeetleFly,MiddlePhalanxOutlineCorrect,ProximalPhalanxOutlineAgeGroup,Car,DiatomSizeReduction,FISH,ProximalPhalanxOutlineCorrect,Plane,Herring,FaceFour,Haptics
ECG200,Cricket_Y,Cricket_Z,TwoLeadECG,Worms,ShapesAll,Cricket_X,OSULeaf,ItalyPowerDemand,ECGFiveDays,Symbols,SmallKitchenAppliances,InlineSkate,SonyAIBORobotSurface,LargeKitchenAppliances,DistalPhalanxTW,RefrigerationDevices,Trace,FaceAll,ToeSegmentation1,DistalPhalanxOutlineAgeGroup,Computers,ScreenType,SonyAIBORobotSurfaceII,synthetic_control,Lighting7,ProximalPhalanxTW,DistalPhalanxOutlineCorrect,MoteStrain,MiddlePhalanxTW,MedicalImages,ProximalPhalanxOutlineAgeGroup,ShapeletSim,CBF,Earthquakes,MiddlePhalanxOutlineAgeGroup,BeetleFly,MiddlePhalanxOutlineCorrect,Ham,BirdChicken,Lighting2,50words,WordsSynonyms,ProximalPhalanxOutlineCorrect,Adiac,Gun_Point,OliveOil,SwedishLeaf,Car,Strawberry,Plane,WormsTwoClass,DiatomSizeReduction,FISH,Meat,Haptics,Herring,Beef,ArrowHead,Coffee,Wine,FaceFour
ECGFiveDays,Cricket_Z,SmallKitchenAppliances,ItalyPowerDemand,Symbols,Cricket_X,ScreenType,InlineSkate,ShapesAll,TwoLeadECG,FaceAll,Worms,Cricket_Y,LargeKitchenAppliances,DistalPhalanxTW,ECG200,RefrigerationDevices,ProximalPhalanxTW,ToeSegmentation1,DistalPhalanxOutlineAgeGroup,MiddlePhalanxTW,Computers,OSULeaf,MedicalImages,Lighting7,SonyAIBORobotSurface,MiddlePhalanxOutlineAgeGroup,WordsSynonyms,DistalPhalanxOutlineCorrect,MoteStrain,ProximalPhalanxOutlineAgeGroup,50words,CBF,Earthquakes,Ham,SonyAIBORobotSurfaceII,MiddlePhalanxOutlineCorrect,synthetic_control,Lighting2,Trace,OliveOil,ProximalPhalanxOutlineCorrect,ShapeletSim,BeetleFly,BirdChicken,Gun_Point,Adiac,Strawberry,Meat,WormsTwoClass,Plane,SwedishLeaf,Beef,DiatomSizeReduction,Car,Haptics,ArrowHead,Coffee,FISH,Wine,Herring,FaceFour
Earthquakes,FISH,DistalPhalanxTW,SwedishLeaf,Symbols,MiddlePhalanxTW,MedicalImages,FaceAll,ProximalPhalanxTW,MiddlePhalanxOutlineAgeGroup,ProximalPhalanxOutlineAgeGroup,Adiac,Lighting7,DiatomSizeReduction,Cricket_X,RefrigerationDevices,OSULeaf,Ham,CBF,DistalPhalanxOutlineCorrect,DistalPhalanxOutlineAgeGroup,WordsSynonyms,ScreenType,Car,Computers,MiddlePhalanxOutlineCorrect,50words,InlineSkate,Haptics,Cricket_Y,LargeKitchenAppliances,Cricket_Z,Lighting2,OliveOil,Plane,synthetic_control,ShapeletSim,FaceFour,ItalyPowerDemand,ECGFiveDays,ProximalPhalanxOutlineCorrect,Worms,SmallKitchenAppliances,Gun_Point,Meat,ToeSegmentation1,SonyAIBORobotSurfaceII,TwoLeadECG,Strawberry,Trace,MoteStrain,Beef,ECG200,ArrowHead,WormsTwoClass,SonyAIBORobotSurface,Coffee,Wine,ShapesAll,BeetleFly,BirdChicken,Herring
FISH,ShapesAll,SwedishLeaf,Adiac,Symbols,Herring,DiatomSizeReduction,OSULeaf,Car,Plane,FaceFour,synthetic_control,Cricket_Z,BirdChicken,BeetleFly,ShapeletSim,Cricket_X,Trace,Cricket_Y,Worms,RefrigerationDevices,SonyAIBORobotSurface,SmallKitchenAppliances,ECG200,InlineSkate,Earthquakes,ToeSegmentation1,TwoLeadECG,LargeKitchenAppliances,DistalPhalanxTW,FaceAll,MoteStrain,ScreenType,ECGFiveDays,ProximalPhalanxTW,ItalyPowerDemand,SonyAIBORobotSurfaceII,MiddlePhalanxTW,MedicalImages,DistalPhalanxOutlineAgeGroup,Lighting7,MiddlePhalanxOutlineAgeGroup,Computers,ProximalPhalanxOutlineAgeGroup,WordsSynonyms,CBF,50words,DistalPhalanxOutlineCorrect,Ham,MiddlePhalanxOutlineCorrect,OliveOil,Lighting2,ProximalPhalanxOutlineCorrect,Gun_Point,Strawberry,Meat,WormsTwoClass,Beef,ArrowHead,Coffee,Wine,Haptics
FaceAll,50words,WordsSynonyms,MedicalImages,Lighting7,Cricket_X,ProximalPhalanxTW,DistalPhalanxTW,ShapesAll,MiddlePhalanxTW,OliveOil,InlineSkate,Cricket_Y,ProximalPhalanxOutlineAgeGroup,CBF,MiddlePhalanxOutlineAgeGroup,Cricket_Z,DistalPhalanxOutlineAgeGroup,ScreenType,Gun_Point,Lighting2,ProximalPhalanxOutlineCorrect,Ham,MiddlePhalanxOutlineCorrect,DistalPhalanxOutlineCorrect,Strawberry,LargeKitchenAppliances,RefrigerationDevices,Symbols,synthetic_control,Computers,Meat,Worms,Beef,WormsTwoClass,ItalyPowerDemand,ECGFiveDays,SmallKitchenAppliances,SonyAIBORobotSurfaceII,TwoLeadECG,ArrowHead,MoteStrain,Trace,ECG200,Coffee,SonyAIBORobotSurface,Wine,ToeSegmentation1,Adiac,OSULeaf,ShapeletSim,SwedishLeaf,Car,DiatomSizeReduction,BirdChicken,FISH,Earthquakes,BeetleFly,Plane,Herring,FaceFour,Haptics
FaceFour,Plane,SwedishLeaf,OSULeaf,ShapesAll,FISH,Symbols,Adiac,Herring,DiatomSizeReduction,Car,BeetleFly,BirdChicken,Earthquakes,synthetic_control,RefrigerationDevices,ShapeletSim,Cricket_Z,Cricket_X,Trace,Cricket_Y,Worms,ToeSegmentation1,SmallKitchenAppliances,MoteStrain,SonyAIBORobotSurface,ECG200,InlineSkate,SonyAIBORobotSurfaceII,TwoLeadECG,LargeKitchenAppliances,DistalPhalanxTW,FaceAll,ECGFiveDays,ItalyPowerDemand,ScreenType,DistalPhalanxOutlineAgeGroup,Haptics,ProximalPhalanxTW,MiddlePhalanxTW,MedicalImages,Computers,Lighting7,MiddlePhalanxOutlineAgeGroup,ProximalPhalanxOutlineAgeGroup,DistalPhalanxOutlineCorrect,CBF,WordsSynonyms,50words,Ham,MiddlePhalanxOutlineCorrect,Lighting2,OliveOil,ProximalPhalanxOutlineCorrect,Gun_Point,Strawberry,WormsTwoClass,Meat,Beef,ArrowHead,Coffee,Wine
Gun_Point,50words,WordsSynonyms,OliveOil,ProximalPhalanxOutlineAgeGroup,ShapesAll,Worms,MedicalImages,FaceAll,CBF,ProximalPhalanxOutlineCorrect,Lighting7,ProximalPhalanxTW,MiddlePhalanxTW,DistalPhalanxTW,Strawberry,Cricket_Z,Lighting2,Cricket_X,MiddlePhalanxOutlineCorrect,DistalPhalanxOutlineAgeGroup,MiddlePhalanxOutlineAgeGroup,synthetic_control,WormsTwoClass,Cricket_Y,RefrigerationDevices,DistalPhalanxOutlineCorrect,Ham,SonyAIBORobotSurfaceII,Earthquakes,Symbols,Computers,Meat,InlineSkate,MoteStrain,ItalyPowerDemand,ScreenType,ECGFiveDays,LargeKitchenAppliances,ToeSegmentation1,Beef,ArrowHead,SmallKitchenAppliances,Coffee,Wine,TwoLeadECG,ECG200,OSULeaf,SonyAIBORobotSurface,Trace,ShapeletSim,BeetleFly,BirdChicken,Adiac,Plane,SwedishLeaf,DiatomSizeReduction,Car,Haptics,FISH,Herring,FaceFour
Ham,ProximalPhalanxTW,MiddlePhalanxOutlineCorrect,FaceAll,MedicalImages,SonyAIBORobotSurfaceII,Cricket_X,MiddlePhalanxTW,MiddlePhalanxOutlineAgeGroup,ShapesAll,Cricket_Z,ProximalPhalanxOutlineAgeGroup,Lighting7,DistalPhalanxOutlineAgeGroup,Earthquakes,DistalPhalanxTW,CBF,DistalPhalanxOutlineCorrect,Symbols,Lighting2,Computers,RefrigerationDevices,WordsSynonyms,50words,synthetic_control,InlineSkate,MoteStrain,ProximalPhalanxOutlineCorrect,ItalyPowerDemand,ScreenType,Cricket_Y,ECGFiveDays,LargeKitchenAppliances,ToeSegmentation1,OliveOil,Worms,Gun_Point,SmallKitchenAppliances,Strawberry,TwoLeadECG,ECG200,WormsTwoClass,OSULeaf,SonyAIBORobotSurface,Meat,Trace,Beef,ShapeletSim,ArrowHead,Coffee,BeetleFly,Wine,BirdChicken,Adiac,Plane,SwedishLeaf,DiatomSizeReduction,Car,Haptics,FISH,Herring,FaceFour
Haptics,Adiac,ShapesAll,SwedishLeaf,Cricket_Z,Cricket_Y,Cricket_X,FaceAll,WordsSynonyms,50words,MedicalImages,FISH,Plane,InlineSkate,Lighting7,Worms,synthetic_control,Symbols,Beef,DistalPhalanxTW,MiddlePhalanxTW,ProximalPhalanxTW,OSULeaf,ArrowHead,OliveOil,Meat,Wine,Coffee,CBF,ProximalPhalanxOutlineAgeGroup,MiddlePhalanxOutlineAgeGroup,RefrigerationDevices,DistalPhalanxOutlineAgeGroup,Trace,ScreenType,LargeKitchenAppliances,WormsTwoClass,SmallKitchenAppliances,Strawberry,Car,DiatomSizeReduction,Gun_Point,ProximalPhalanxOutlineCorrect,Lighting2,MiddlePhalanxOutlineCorrect,Ham,DistalPhalanxOutlineCorrect,Computers,ItalyPowerDemand,ECGFiveDays,SonyAIBORobotSurfaceII,TwoLeadECG,ECG200,MoteStrain,SonyAIBORobotSurface,ToeSegmentation1,FaceFour,ShapeletSim,BirdChicken,BeetleFly,Earthquakes,Herring
Herring,SwedishLeaf,Symbols,FISH,Adiac,DiatomSizeReduction,RefrigerationDevices,OSULeaf,Car,Haptics,synthetic_control,Plane,ShapeletSim,FaceFour,Cricket_Z,ToeSegmentation1,Cricket_X,Worms,Trace,SmallKitchenAppliances,MoteStrain,Cricket_Y,SonyAIBORobotSurfaceII,ECG200,SonyAIBORobotSurface,InlineSkate,TwoLeadECG,ItalyPowerDemand,ECGFiveDays,LargeKitchenAppliances,DistalPhalanxTW,FaceAll,DistalPhalanxOutlineAgeGroup,Computers,ScreenType,Lighting7,ProximalPhalanxTW,DistalPhalanxOutlineCorrect,MiddlePhalanxTW,MedicalImages,ProximalPhalanxOutlineAgeGroup,CBF,MiddlePhalanxOutlineAgeGroup,MiddlePhalanxOutlineCorrect,Ham,Lighting2,50words,WordsSynonyms,ProximalPhalanxOutlineCorrect,OliveOil,Gun_Point,Strawberry,WormsTwoClass,Meat,Beef,ArrowHead,Coffee,Wine,ShapesAll,BirdChicken,BeetleFly,Earthquakes
InlineSkate,DistalPhalanxTW,LargeKitchenAppliances,FaceAll,Cricket_Y,Cricket_X,ShapesAll,ScreenType,Cricket_Z,MedicalImages,SmallKitchenAppliances,ProximalPhalanxTW,ECGFiveDays,MiddlePhalanxTW,DistalPhalanxOutlineAgeGroup,Lighting7,Symbols,ItalyPowerDemand,TwoLeadECG,Computers,MiddlePhalanxOutlineAgeGroup,WordsSynonyms,50words,ProximalPhalanxOutlineAgeGroup,Worms,RefrigerationDevices,CBF,DistalPhalanxOutlineCorrect,Ham,SonyAIBORobotSurface,ECG200,MiddlePhalanxOutlineCorrect,synthetic_control,SonyAIBORobotSurfaceII,Lighting2,OliveOil,Trace,ProximalPhalanxOutlineCorrect,MoteStrain,Gun_Point,ToeSegmentation1,Strawberry,Meat,Adiac,WormsTwoClass,OSULeaf,ShapeletSim,Beef,SwedishLeaf,ArrowHead,Car,DiatomSizeReduction,BirdChicken,BeetleFly,Earthquakes,Coffee,Wine,FISH,Herring,Plane,FaceFour,Haptics
ItalyPowerDemand,Cricket_Z,ECGFiveDays,SmallKitchenAppliances,Cricket_X,FaceAll,Symbols,TwoLeadECG,ScreenType,InlineSkate,ProximalPhalanxTW,ShapesAll,Worms,Cricket_Y,LargeKitchenAppliances,ECG200,DistalPhalanxTW,RefrigerationDevices,MiddlePhalanxTW,Lighting7,MedicalImages,ToeSegmentation1,OSULeaf,DistalPhalanxOutlineAgeGroup,Computers,DistalPhalanxOutlineCorrect,SonyAIBORobotSurface,MiddlePhalanxOutlineAgeGroup,ProximalPhalanxOutlineAgeGroup,WordsSynonyms,Ham,50words,CBF,MoteStrain,Earthquakes,SonyAIBORobotSurfaceII,MiddlePhalanxOutlineCorrect,synthetic_control,OliveOil,Lighting2,Trace,ShapeletSim,ProximalPhalanxOutlineCorrect,BeetleFly,BirdChicken,Gun_Point,Adiac,Strawberry,Meat,WormsTwoClass,Plane,SwedishLeaf,Beef,DiatomSizeReduction,Car,ArrowHead,Haptics,FISH,Coffee,Wine,Herring,FaceFour
LargeKitchenAppliances,InlineSkate,DistalPhalanxTW,FaceAll,Cricket_Y,Cricket_X,ShapesAll,Cricket_Z,ECGFiveDays,DistalPhalanxOutlineAgeGroup,ItalyPowerDemand,Symbols,ProximalPhalanxTW,TwoLeadECG,Lighting7,MiddlePhalanxTW,MedicalImages,DistalPhalanxOutlineCorrect,Worms,MiddlePhalanxOutlineAgeGroup,ProximalPhalanxOutlineAgeGroup,CBF,Ham,ECG200,MiddlePhalanxOutlineCorrect,50words,ToeSegmentation1,WordsSynonyms,SonyAIBORobotSurface,SonyAIBORobotSurfaceII,MoteStrain,Lighting2,synthetic_control,ProximalPhalanxOutlineCorrect,OliveOil,Trace,Gun_Point,OSULeaf,Strawberry,Earthquakes,WormsTwoClass,ShapeletSim,Meat,Adiac,BeetleFly,BirdChicken,SwedishLeaf,Beef,ArrowHead,DiatomSizeReduction,Car,Coffee,Wine,Plane,FISH,Herring,FaceFour,Haptics,ScreenType,Computers,RefrigerationDevices,SmallKitchenAppliances
Lighting2,MedicalImages,RefrigerationDevices,WordsSynonyms,DistalPhalanxOutlineCorrect,50words,Ham,synthetic_control,MiddlePhalanxOutlineAgeGroup,ProximalPhalanxTW,MiddlePhalanxTW,CBF,Lighting7,Cricket_X,FaceAll,ProximalPhalanxOutlineAgeGroup,Cricket_Z,DistalPhalanxOutlineAgeGroup,ShapesAll,MiddlePhalanxOutlineCorrect,ProximalPhalanxOutlineCorrect,SonyAIBORobotSurfaceII,Earthquakes,DistalPhalanxTW,Symbols,Computers,OliveOil,InlineSkate,MoteStrain,ItalyPowerDemand,ScreenType,Worms,Cricket_Y,Gun_Point,ECGFiveDays,LargeKitchenAppliances,ToeSegmentation1,Strawberry,SmallKitchenAppliances,WormsTwoClass,Meat,TwoLeadECG,ECG200,OSULeaf,SonyAIBORobotSurface,Beef,ArrowHead,Coffee,Wine,Trace,ShapeletSim,BeetleFly,BirdChicken,Adiac,Plane,SwedishLeaf,DiatomSizeReduction,Car,Haptics,FISH,Herring,FaceFour
Lighting7,WordsSynonyms,50words,MedicalImages,FaceAll,Cricket_X,MiddlePhalanxTW,ProximalPhalanxTW,ShapesAll,MiddlePhalanxOutlineAgeGroup,DistalPhalanxTW,ProximalPhalanxOutlineAgeGroup,CBF,OliveOil,DistalPhalanxOutlineAgeGroup,Cricket_Z,Lighting2,MiddlePhalanxOutlineCorrect,InlineSkate,ProximalPhalanxOutlineCorrect,Ham,ScreenType,Cricket_Y,Gun_Point,DistalPhalanxOutlineCorrect,LargeKitchenAppliances,Strawberry,RefrigerationDevices,Computers,Symbols,Worms,synthetic_control,Meat,WormsTwoClass,ItalyPowerDemand,ECGFiveDays,SmallKitchenAppliances,Beef,TwoLeadECG,SonyAIBORobotSurfaceII,ArrowHead,ECG200,SonyAIBORobotSurface,Trace,MoteStrain,Coffee,Wine,ToeSegmentation1,Adiac,OSULeaf,SwedishLeaf,ShapeletSim,Car,DiatomSizeReduction,Earthquakes,BirdChicken,FISH,BeetleFly,Plane,Herring,FaceFour,Haptics
Meat,50words,WordsSynonyms,WormsTwoClass,FaceAll,Beef,synthetic_control,MedicalImages,Strawberry,ArrowHead,Lighting7,Coffee,Wine,OliveOil,ProximalPhalanxTW,Gun_Point,ShapesAll,MiddlePhalanxTW,Cricket_Y,CBF,DistalPhalanxTW,ProximalPhalanxOutlineCorrect,ProximalPhalanxOutlineAgeGroup,Cricket_X,Worms,Lighting2,Cricket_Z,MiddlePhalanxOutlineAgeGroup,MiddlePhalanxOutlineCorrect,DistalPhalanxOutlineAgeGroup,Ham,DistalPhalanxOutlineCorrect,RefrigerationDevices,InlineSkate,ScreenType,Computers,Symbols,LargeKitchenAppliances,ItalyPowerDemand,ECGFiveDays,SonyAIBORobotSurfaceII,SmallKitchenAppliances,MoteStrain,TwoLeadECG,ECG200,ToeSegmentation1,SonyAIBORobotSurface,Earthquakes,Trace,OSULeaf,Adiac,ShapeletSim,BeetleFly,BirdChicken,SwedishLeaf,DiatomSizeReduction,Car,Plane,FISH,Herring,FaceFour,Haptics
MedicalImages,50words,MiddlePhalanxTW,WordsSynonyms,Cricket_X,MiddlePhalanxOutlineAgeGroup,Lighting7,ProximalPhalanxTW,FaceAll,ShapesAll,ProximalPhalanxOutlineAgeGroup,DistalPhalanxTW,Ham,CBF,DistalPhalanxOutlineAgeGroup,MiddlePhalanxOutlineCorrect,DistalPhalanxOutlineCorrect,Cricket_Z,Lighting2,ScreenType,InlineSkate,OliveOil,Cricket_Y,ProximalPhalanxOutlineCorrect,Computers,LargeKitchenAppliances,RefrigerationDevices,Gun_Point,Symbols,Strawberry,ItalyPowerDemand,ECGFiveDays,Worms,SmallKitchenAppliances,WormsTwoClass,synthetic_control,Meat,TwoLeadECG,SonyAIBORobotSurfaceII,Beef,SonyAIBORobotSurface,ECG200,MoteStrain,ArrowHead,Trace,Coffee,Wine,ToeSegmentation1,Adiac,OSULeaf,ShapeletSim,SwedishLeaf,Car,DiatomSizeReduction,BirdChicken,BeetleFly,Earthquakes,FISH,Herring,Plane,FaceFour,Haptics
MiddlePhalanxOutlineAgeGroup,MedicalImages,Lighting7,Cricket_X,WordsSynonyms,50words,FaceAll,Ham,CBF,ShapesAll,Lighting2,Cricket_Z,ScreenType,Computers,InlineSkate,RefrigerationDevices,Symbols,Cricket_Y,OliveOil,ItalyPowerDemand,LargeKitchenAppliances,Gun_Point,MiddlePhalanxTW,ECGFiveDays,synthetic_control,MiddlePhalanxOutlineCorrect,Worms,SonyAIBORobotSurfaceII,Strawberry,SmallKitchenAppliances,MoteStrain,TwoLeadECG,WormsTwoClass,DistalPhalanxOutlineAgeGroup,Meat,ECG200,ToeSegmentation1,DistalPhalanxOutlineCorrect,SonyAIBORobotSurface,DistalPhalanxTW,ProximalPhalanxOutlineAgeGroup,ProximalPhalanxTW,Earthquakes,Beef,Trace,ProximalPhalanxOutlineCorrect,ArrowHead,OSULeaf,Coffee,Wine,ShapeletSim,Adiac,BeetleFly,BirdChicken,SwedishLeaf,DiatomSizeReduction,Car,Plane,FISH,Herring,FaceFour,Haptics
MiddlePhalanxOutlineCorrect,FaceAll,Ham,SonyAIBORobotSurfaceII,MedicalImages,Cricket_X,WordsSynonyms,ShapesAll,Cricket_Z,Lighting7,Earthquakes,CBF,Symbols,50words,Computers,Lighting2,RefrigerationDevices,synthetic_control,InlineSkate,MoteStrain,ItalyPowerDemand,ScreenType,MiddlePhalanxTW,MiddlePhalanxOutlineAgeGroup,Cricket_Y,ECGFiveDays,OliveOil,LargeKitchenAppliances,ToeSegmentation1,Worms,Gun_Point,SmallKitchenAppliances,Strawberry,TwoLeadECG,ECG200,WormsTwoClass,DistalPhalanxOutlineAgeGroup,OSULeaf,Meat,DistalPhalanxOutlineCorrect,DistalPhalanxTW,SonyAIBORobotSurface,ProximalPhalanxOutlineAgeGroup,ProximalPhalanxTW,ProximalPhalanxOutlineCorrect,Beef,Trace,ShapeletSim,ArrowHead,BeetleFly,Coffee,Wine,BirdChicken,Adiac,Plane,SwedishLeaf,DiatomSizeReduction,Car,Haptics,FISH,Herring,FaceFour
MiddlePhalanxTW,MedicalImages,50words,FaceAll,Cricket_X,Ham,Lighting7,ShapesAll,WordsSynonyms,CBF,ScreenType,Cricket_Z,InlineSkate,Lighting2,Computers,Cricket_Y,OliveOil,RefrigerationDevices,LargeKitchenAppliances,Symbols,Gun_Point,ItalyPowerDemand,ECGFiveDays,Strawberry,Worms,SmallKitchenAppliances,synthetic_control,MiddlePhalanxOutlineAgeGroup,TwoLeadECG,WormsTwoClass,SonyAIBORobotSurfaceII,Meat,MiddlePhalanxOutlineCorrect,MoteStrain,ECG200,SonyAIBORobotSurface,DistalPhalanxOutlineAgeGroup,DistalPhalanxTW,Beef,DistalPhalanxOutlineCorrect,ToeSegmentation1,ProximalPhalanxTW,ProximalPhalanxOutlineAgeGroup,Trace,ArrowHead,Coffee,Wine,ProximalPhalanxOutlineCorrect,OSULeaf,Earthquakes,ShapeletSim,Adiac,BirdChicken,SwedishLeaf,BeetleFly,DiatomSizeReduction,Car,FISH,Herring,Plane,FaceFour,Haptics
MoteStrain,InlineSkate,MiddlePhalanxTW,DistalPhalanxOutlineCorrect,MedicalImages,ShapesAll,ProximalPhalanxTW,Trace,Lighting7,Cricket_Z,Cricket_Y,Computers,FaceAll,Cricket_X,DistalPhalanxTW,ItalyPowerDemand,Symbols,ScreenType,ProximalPhalanxOutlineAgeGroup,CBF,Earthquakes,DistalPhalanxOutlineAgeGroup,MiddlePhalanxOutlineAgeGroup,ECGFiveDays,SonyAIBORobotSurfaceII,MiddlePhalanxOutlineCorrect,Ham,Lighting2,LargeKitchenAppliances,RefrigerationDevices,ToeSegmentation1,synthetic_control,50words,WordsSynonyms,ProximalPhalanxOutlineCorrect,SmallKitchenAppliances,Worms,TwoLeadECG,Gun_Point,ECG200,OliveOil,OSULeaf,Strawberry,SonyAIBORobotSurface,ShapeletSim,Adiac,SwedishLeaf,WormsTwoClass,Car,Meat,BirdChicken,BeetleFly,DiatomSizeReduction,FISH,Beef,ArrowHead,Coffee,Wine,Plane,Haptics,FaceFour,Herring
OSULeaf,ShapesAll,Adiac,SwedishLeaf,FISH,Car,DiatomSizeReduction,Symbols,Cricket_Y,Plane,Herring,Cricket_Z,synthetic_control,Cricket_X,InlineSkate,BirdChicken,FaceFour,BeetleFly,Trace,FaceAll,ShapeletSim,MedicalImages,Worms,WordsSynonyms,RefrigerationDevices,50words,SmallKitchenAppliances,DistalPhalanxTW,Lighting7,SonyAIBORobotSurface,ECG200,ToeSegmentation1,ProximalPhalanxTW,MiddlePhalanxTW,TwoLeadECG,LargeKitchenAppliances,Earthquakes,MoteStrain,ScreenType,SonyAIBORobotSurfaceII,ECGFiveDays,DistalPhalanxOutlineAgeGroup,ItalyPowerDemand,MiddlePhalanxOutlineAgeGroup,Computers,ProximalPhalanxOutlineAgeGroup,CBF,DistalPhalanxOutlineCorrect,Ham,OliveOil,MiddlePhalanxOutlineCorrect,Lighting2,ProximalPhalanxOutlineCorrect,Gun_Point,Strawberry,Meat,WormsTwoClass,Beef,ArrowHead,Coffee,Wine,Haptics
OliveOil,50words,Gun_Point,WordsSynonyms,ShapesAll,FaceAll,ProximalPhalanxTW,CBF,ProximalPhalanxOutlineCorrect,ProximalPhalanxOutlineAgeGroup,MedicalImages,Lighting7,Strawberry,MiddlePhalanxTW,DistalPhalanxTW,Cricket_X,Lighting2,Cricket_Z,Worms,MiddlePhalanxOutlineCorrect,WormsTwoClass,DistalPhalanxOutlineAgeGroup,MiddlePhalanxOutlineAgeGroup,synthetic_control,Cricket_Y,Ham,DistalPhalanxOutlineCorrect,RefrigerationDevices,Meat,Computers,Symbols,InlineSkate,ScreenType,SonyAIBORobotSurfaceII,ItalyPowerDemand,ECGFiveDays,LargeKitchenAppliances,MoteStrain,Beef,ArrowHead,Coffee,SmallKitchenAppliances,Wine,Earthquakes,ToeSegmentation1,TwoLeadECG,ECG200,SonyAIBORobotSurface,OSULeaf,Trace,ShapeletSim,BeetleFly,BirdChicken,Adiac,SwedishLeaf,DiatomSizeReduction,Plane,Car,FISH,Herring,Haptics,FaceFour
Plane,ShapesAll,FaceFour,SwedishLeaf,Adiac,FISH,OSULeaf,Symbols,DiatomSizeReduction,Herring,Car,Cricket_Z,Cricket_Y,synthetic_control,Cricket_X,BirdChicken,BeetleFly,Trace,ShapeletSim,Worms,WordsSynonyms,50words,FaceAll,InlineSkate,RefrigerationDevices,SmallKitchenAppliances,SonyAIBORobotSurface,ECG200,DistalPhalanxTW,MedicalImages,Earthquakes,ToeSegmentation1,LargeKitchenAppliances,TwoLeadECG,Lighting7,ProximalPhalanxTW,ScreenType,MiddlePhalanxTW,MoteStrain,DistalPhalanxOutlineAgeGroup,ECGFiveDays,SonyAIBORobotSurfaceII,ItalyPowerDemand,MiddlePhalanxOutlineAgeGroup,ProximalPhalanxOutlineAgeGroup,CBF,Computers,DistalPhalanxOutlineCorrect,OliveOil,Ham,MiddlePhalanxOutlineCorrect,Lighting2,ProximalPhalanxOutlineCorrect,Gun_Point,Strawberry,Meat,WormsTwoClass,Beef,ArrowHead,Coffee,Wine,Haptics
ProximalPhalanxOutlineAgeGroup,50words,MedicalImages,WordsSynonyms,ShapesAll,OliveOil,FaceAll,Lighting7,Cricket_X,CBF,Ham,Cricket_Z,ScreenType,Lighting2,Gun_Point,InlineSkate,Cricket_Y,Computers,RefrigerationDevices,Symbols,Strawberry,ProximalPhalanxTW,LargeKitchenAppliances,Worms,synthetic_control,ItalyPowerDemand,ECGFiveDays,SonyAIBORobotSurfaceII,WormsTwoClass,Meat,SmallKitchenAppliances,MoteStrain,TwoLeadECG,ProximalPhalanxOutlineCorrect,Beef,ECG200,ToeSegmentation1,SonyAIBORobotSurface,ArrowHead,MiddlePhalanxTW,MiddlePhalanxOutlineAgeGroup,Earthquakes,Coffee,Trace,Wine,MiddlePhalanxOutlineCorrect,OSULeaf,DistalPhalanxOutlineAgeGroup,DistalPhalanxTW,DistalPhalanxOutlineCorrect,Adiac,ShapeletSim,BeetleFly,BirdChicken,SwedishLeaf,Car,DiatomSizeReduction,FISH,Plane,Herring,FaceFour,Haptics
ProximalPhalanxOutlineCorrect,Cricket_X,50words,Lighting7,WordsSynonyms,FaceAll,ShapesAll,OliveOil,CBF,synthetic_control,Lighting2,Gun_Point,MedicalImages,RefrigerationDevices,Cricket_Z,Ham,SonyAIBORobotSurfaceII,Worms,Earthquakes,Symbols,Computers,InlineSkate,MoteStrain,Strawberry,ItalyPowerDemand,ScreenType,Cricket_Y,ECGFiveDays,LargeKitchenAppliances,ToeSegmentation1,WormsTwoClass,Meat,ProximalPhalanxTW,ProximalPhalanxOutlineAgeGroup,SmallKitchenAppliances,TwoLeadECG,ECG200,MiddlePhalanxOutlineCorrect,Beef,MiddlePhalanxOutlineAgeGroup,OSULeaf,DistalPhalanxOutlineAgeGroup,SonyAIBORobotSurface,ArrowHead,Coffee,MiddlePhalanxTW,Wine,DistalPhalanxOutlineCorrect,Trace,ShapeletSim,DistalPhalanxTW,BeetleFly,BirdChicken,Adiac,Plane,SwedishLeaf,DiatomSizeReduction,Car,Haptics,FISH,Herring,FaceFour
ProximalPhalanxTW,50words,MedicalImages,FaceAll,WordsSynonyms,Lighting7,ShapesAll,Cricket_X,OliveOil,CBF,ScreenType,Ham,InlineSkate,Cricket_Z,Lighting2,Cricket_Y,RefrigerationDevices,Computers,LargeKitchenAppliances,Symbols,Gun_Point,ItalyPowerDemand,Worms,ECGFiveDays,Strawberry,synthetic_control,SmallKitchenAppliances,Meat,WormsTwoClass,SonyAIBORobotSurfaceII,ProximalPhalanxOutlineAgeGroup,TwoLeadECG,MoteStrain,Beef,ECG200,SonyAIBORobotSurface,ProximalPhalanxOutlineCorrect,ToeSegmentation1,MiddlePhalanxTW,Trace,ArrowHead,MiddlePhalanxOutlineAgeGroup,Coffee,Wine,MiddlePhalanxOutlineCorrect,DistalPhalanxOutlineAgeGroup,DistalPhalanxTW,OSULeaf,DistalPhalanxOutlineCorrect,ShapeletSim,Earthquakes,Adiac,BirdChicken,SwedishLeaf,BeetleFly,Car,DiatomSizeReduction,FISH,Plane,Herring,FaceFour,Haptics
RefrigerationDevices,ShapesAll,Adiac,SwedishLeaf,MedicalImages,InlineSkate,FISH,Cricket_X,FaceAll,DistalPhalanxTW,Cricket_Y,WordsSynonyms,Symbols,50words,OSULeaf,Lighting7,MiddlePhalanxTW,Cricket_Z,ProximalPhalanxTW,DiatomSizeReduction,MiddlePhalanxOutlineAgeGroup,DistalPhalanxOutlineAgeGroup,Car,ProximalPhalanxOutlineAgeGroup,CBF,OliveOil,Worms,synthetic_control,ECGFiveDays,Plane,ItalyPowerDemand,DistalPhalanxOutlineCorrect,Ham,MiddlePhalanxOutlineCorrect,TwoLeadECG,Lighting2,Trace,ToeSegmentation1,ECG200,SonyAIBORobotSurfaceII,MoteStrain,SonyAIBORobotSurface,ProximalPhalanxOutlineCorrect,BeetleFly,BirdChicken,ShapeletSim,Earthquakes,FaceFour,Herring,Gun_Point,Meat,Beef,Strawberry,WormsTwoClass,ArrowHead,Coffee,Wine,Haptics,ScreenType,LargeKitchenAppliances,Computers,SmallKitchenAppliances
ScreenType,FaceAll,ShapesAll,Cricket_Y,ProximalPhalanxTW,InlineSkate,Cricket_X,DistalPhalanxTW,Lighting7,MiddlePhalanxTW,MedicalImages,ECGFiveDays,DistalPhalanxOutlineAgeGroup,ItalyPowerDemand,DistalPhalanxOutlineCorrect,MiddlePhalanxOutlineAgeGroup,ProximalPhalanxOutlineAgeGroup,Symbols,CBF,Ham,Cricket_Z,MiddlePhalanxOutlineCorrect,50words,WordsSynonyms,Lighting2,TwoLeadECG,SonyAIBORobotSurfaceII,Worms,MoteStrain,ProximalPhalanxOutlineCorrect,synthetic_control,OliveOil,ECG200,ToeSegmentation1,Gun_Point,SonyAIBORobotSurface,Strawberry,Trace,WormsTwoClass,Earthquakes,OSULeaf,Meat,ShapeletSim,Beef,Adiac,ArrowHead,BeetleFly,BirdChicken,Coffee,Wine,SwedishLeaf,DiatomSizeReduction,Car,Plane,FISH,Herring,FaceFour,Haptics,LargeKitchenAppliances,Computers,SmallKitchenAppliances,RefrigerationDevices
ShapeletSim,ShapesAll,Cricket_Z,Cricket_X,SwedishLeaf,Adiac,OSULeaf,Cricket_Y,Trace,synthetic_control,DiatomSizeReduction,Plane,Car,BirdChicken,Haptics,BeetleFly,FISH,RefrigerationDevices,ToeSegmentation1,Symbols,Worms,Herring,Earthquakes,SmallKitchenAppliances,MoteStrain,SonyAIBORobotSurface,InlineSkate,ECG200,LargeKitchenAppliances,SonyAIBORobotSurfaceII,DistalPhalanxTW,FaceAll,ScreenType,FaceFour,TwoLeadECG,MiddlePhalanxTW,ProximalPhalanxTW,MedicalImages,MiddlePhalanxOutlineAgeGroup,Lighting7,DistalPhalanxOutlineAgeGroup,WordsSynonyms,ItalyPowerDemand,ECGFiveDays,50words,ProximalPhalanxOutlineAgeGroup,OliveOil,Computers,CBF,DistalPhalanxOutlineCorrect,MiddlePhalanxOutlineCorrect,Ham,Lighting2,ProximalPhalanxOutlineCorrect,Meat,Gun_Point,Beef,Strawberry,WormsTwoClass,ArrowHead,Coffee,Wine
ShapesAll,Adiac,SwedishLeaf,50words,DiatomSizeReduction,OSULeaf,Car,Cricket_Z,synthetic_control,FISH,Cricket_Y,Cricket_X,Symbols,ShapeletSim,WordsSynonyms,FaceAll,Trace,Haptics,MedicalImages,Plane,RefrigerationDevices,InlineSkate,Lighting7,Worms,ProximalPhalanxTW,MiddlePhalanxTW,ToeSegmentation1,DistalPhalanxTW,SmallKitchenAppliances,MoteStrain,SonyAIBORobotSurface,ECG200,SonyAIBORobotSurfaceII,LargeKitchenAppliances,TwoLeadECG,DistalPhalanxOutlineAgeGroup,ScreenType,OliveOil,MiddlePhalanxOutlineAgeGroup,ECGFiveDays,ItalyPowerDemand,ProximalPhalanxOutlineAgeGroup,CBF,Computers,FaceFour,DistalPhalanxOutlineCorrect,Ham,MiddlePhalanxOutlineCorrect,Lighting2,ProximalPhalanxOutlineCorrect,Gun_Point,Beef,Strawberry,Meat,WormsTwoClass,ArrowHead,Coffee,Wine,Herring,BirdChicken,BeetleFly,Earthquakes
SmallKitchenAppliances,Cricket_Z,Cricket_X,Cricket_Y,ShapesAll,InlineSkate,Trace,DistalPhalanxTW,Worms,FaceAll,Symbols,synthetic_control,TwoLeadECG,ECGFiveDays,ECG200,ItalyPowerDemand,SonyAIBORobotSurface,DistalPhalanxOutlineAgeGroup,ProximalPhalanxTW,MiddlePhalanxTW,MedicalImages,MoteStrain,Lighting7,Adiac,ToeSegmentation1,OSULeaf,SonyAIBORobotSurfaceII,MiddlePhalanxOutlineAgeGroup,ProximalPhalanxOutlineAgeGroup,WordsSynonyms,50words,ShapeletSim,CBF,DistalPhalanxOutlineCorrect,SwedishLeaf,Ham,BeetleFly,BirdChicken,MiddlePhalanxOutlineCorrect,OliveOil,Car,DiatomSizeReduction,Lighting2,ProximalPhalanxOutlineCorrect,FISH,Earthquakes,Gun_Point,Plane,Strawberry,Meat,WormsTwoClass,Herring,Beef,ArrowHead,FaceFour,Coffee,Wine,Haptics,ScreenType,LargeKitchenAppliances,Computers,RefrigerationDevices
SonyAIBORobotSurface,ShapesAll,InlineSkate,Worms,Symbols,OSULeaf,TwoLeadECG,Cricket_Y,ECG200,Cricket_Z,SonyAIBORobotSurfaceII,synthetic_control,Cricket_X,ItalyPowerDemand,ECGFiveDays,SmallKitchenAppliances,Trace,LargeKitchenAppliances,DistalPhalanxTW,ShapeletSim,RefrigerationDevices,MoteStrain,BeetleFly,FaceAll,ToeSegmentation1,DistalPhalanxOutlineAgeGroup,Computers,BirdChicken,ScreenType,Adiac,Lighting7,ProximalPhalanxTW,DistalPhalanxOutlineCorrect,MiddlePhalanxTW,MedicalImages,ProximalPhalanxOutlineAgeGroup,CBF,Earthquakes,MiddlePhalanxOutlineAgeGroup,MiddlePhalanxOutlineCorrect,Ham,Lighting2,50words,WordsSynonyms,Plane,ProximalPhalanxOutlineCorrect,SwedishLeaf,DiatomSizeReduction,Gun_Point,OliveOil,Car,Strawberry,Haptics,FISH,WormsTwoClass,Herring,Meat,Beef,ArrowHead,Coffee,Wine,FaceFour
SonyAIBORobotSurfaceII,ShapesAll,Cricket_Y,MedicalImages,synthetic_control,MiddlePhalanxTW,ECG200,Cricket_X,Ham,MiddlePhalanxOutlineAgeGroup,FaceAll,ProximalPhalanxOutlineAgeGroup,DistalPhalanxTW,ProximalPhalanxTW,Trace,SonyAIBORobotSurface,Lighting7,WordsSynonyms,MiddlePhalanxOutlineCorrect,CBF,Worms,DistalPhalanxOutlineCorrect,Cricket_Z,DistalPhalanxOutlineAgeGroup,ShapeletSim,InlineSkate,MoteStrain,50words,SmallKitchenAppliances,BeetleFly,ScreenType,Symbols,OSULeaf,BirdChicken,Lighting2,TwoLeadECG,Computers,OliveOil,LargeKitchenAppliances,Adiac,RefrigerationDevices,ToeSegmentation1,ItalyPowerDemand,ECGFiveDays,ProximalPhalanxOutlineCorrect,Plane,Gun_Point,SwedishLeaf,Meat,Earthquakes,DiatomSizeReduction,Strawberry,Car,Haptics,Beef,FISH,Herring,WormsTwoClass,ArrowHead,FaceFour,Coffee,Wine
Strawberry,50words,WordsSynonyms,DistalPhalanxTW,FaceAll,MiddlePhalanxTW,ProximalPhalanxTW,Lighting7,CBF,OliveOil,Gun_Point,ProximalPhalanxOutlineAgeGroup,ShapesAll,Worms,WormsTwoClass,Cricket_Y,MedicalImages,ProximalPhalanxOutlineCorrect,Cricket_Z,Lighting2,Cricket_X,Meat,synthetic_control,MiddlePhalanxOutlineCorrect,DistalPhalanxOutlineAgeGroup,MiddlePhalanxOutlineAgeGroup,RefrigerationDevices,DistalPhalanxOutlineCorrect,Ham,SonyAIBORobotSurfaceII,Earthquakes,Symbols,Computers,InlineSkate,MoteStrain,Beef,ItalyPowerDemand,ScreenType,ArrowHead,Coffee,ECGFiveDays,LargeKitchenAppliances,ToeSegmentation1,SmallKitchenAppliances,TwoLeadECG,ECG200,OSULeaf,SonyAIBORobotSurface,Trace,ShapeletSim,BeetleFly,BirdChicken,Adiac,Plane,SwedishLeaf,DiatomSizeReduction,Car,Haptics,FISH,Herring,FaceFour,Wine
SwedishLeaf,ShapesAll,Adiac,FISH,Symbols,OSULeaf,DiatomSizeReduction,Car,Herring,Plane,FaceFour,Cricket_Z,synthetic_control,BirdChicken,BeetleFly,ShapeletSim,Cricket_X,Cricket_Y,Trace,Worms,SmallKitchenAppliances,RefrigerationDevices,InlineSkate,SonyAIBORobotSurface,ECG200,ToeSegmentation1,TwoLeadECG,Earthquakes,DistalPhalanxTW,FaceAll,LargeKitchenAppliances,MoteStrain,MedicalImages,ECGFiveDays,ScreenType,SonyAIBORobotSurfaceII,ItalyPowerDemand,WordsSynonyms,50words,MiddlePhalanxTW,ProximalPhalanxTW,Lighting7,DistalPhalanxOutlineAgeGroup,Computers,MiddlePhalanxOutlineAgeGroup,ProximalPhalanxOutlineAgeGroup,DistalPhalanxOutlineCorrect,Ham,MiddlePhalanxOutlineCorrect,Lighting2,OliveOil,ProximalPhalanxOutlineCorrect,Gun_Point,Strawberry,WormsTwoClass,Meat,Beef,ArrowHead,Coffee,Wine,Haptics,CBF
Symbols,SwedishLeaf,FISH,ShapesAll,Adiac,MedicalImages,InlineSkate,Cricket_Y,Cricket_X,FaceAll,OSULeaf,DistalPhalanxTW,Cricket_Z,DiatomSizeReduction,WordsSynonyms,LargeKitchenAppliances,ProximalPhalanxTW,Car,MiddlePhalanxTW,Lighting7,50words,ScreenType,SmallKitchenAppliances,DistalPhalanxOutlineAgeGroup,Worms,RefrigerationDevices,MiddlePhalanxOutlineAgeGroup,synthetic_control,ProximalPhalanxOutlineAgeGroup,Plane,CBF,Trace,OliveOil,SonyAIBORobotSurface,TwoLeadECG,ECG200,ToeSegmentation1,FaceFour,BeetleFly,MoteStrain,ECGFiveDays,SonyAIBORobotSurfaceII,ItalyPowerDemand,BirdChicken,ShapeletSim,Computers,Herring,DistalPhalanxOutlineCorrect,Ham,MiddlePhalanxOutlineCorrect,Meat,Earthquakes,Lighting2,ProximalPhalanxOutlineCorrect,Beef,Gun_Point,Strawberry,ArrowHead,WormsTwoClass,Coffee,Wine,Haptics
ToeSegmentation1,Cricket_Y,DistalPhalanxOutlineAgeGroup,LargeKitchenAppliances,FaceAll,ShapesAll,InlineSkate,Computers,DistalPhalanxTW,RefrigerationDevices,ScreenType,Cricket_X,ECGFiveDays,Cricket_Z,SmallKitchenAppliances,ItalyPowerDemand,Symbols,Lighting7,ProximalPhalanxTW,DistalPhalanxOutlineCorrect,MoteStrain,MiddlePhalanxTW,MedicalImages,synthetic_control,TwoLeadECG,Trace,ProximalPhalanxOutlineAgeGroup,Worms,CBF,Earthquakes,MiddlePhalanxOutlineAgeGroup,Adiac,ECG200,SonyAIBORobotSurfaceII,MiddlePhalanxOutlineCorrect,Ham,OSULeaf,Lighting2,50words,WordsSynonyms,SonyAIBORobotSurface,ProximalPhalanxOutlineCorrect,SwedishLeaf,Car,ShapeletSim,Gun_Point,OliveOil,DiatomSizeReduction,BirdChicken,Strawberry,FISH,BeetleFly,WormsTwoClass,Meat,Plane,Beef,ArrowHead,Coffee,Wine,Haptics,Herring,FaceFour
Trace,Cricket_Y,Cricket_Z,Cricket_X,ShapesAll,Worms,synthetic_control,SmallKitchenAppliances,ShapeletSim,BeetleFly,MoteStrain,BirdChicken,Adiac,ECG200,SonyAIBORobotSurface,ToeSegmentation1,SonyAIBORobotSurfaceII,InlineSkate,Symbols,OSULeaf,TwoLeadECG,SwedishLeaf,DiatomSizeReduction,Plane,ECGFiveDays,ItalyPowerDemand,LargeKitchenAppliances,DistalPhalanxTW,Car,FaceAll,RefrigerationDevices,DistalPhalanxOutlineAgeGroup,ScreenType,Computers,FISH,ProximalPhalanxTW,Lighting7,MiddlePhalanxTW,MedicalImages,DistalPhalanxOutlineCorrect,Herring,Earthquakes,ProximalPhalanxOutlineAgeGroup,MiddlePhalanxOutlineAgeGroup,CBF,Ham,MiddlePhalanxOutlineCorrect,WordsSynonyms,50words,Lighting2,ProximalPhalanxOutlineCorrect,OliveOil,Gun_Point,Strawberry,FaceFour,WormsTwoClass,Meat,Haptics,Beef,ArrowHead,Coffee,Wine
TwoLeadECG,Worms,Cricket_Y,Cricket_Z,Cricket_X,ECG200,ItalyPowerDemand,ECGFiveDays,SmallKitchenAppliances,Symbols,InlineSkate,ShapesAll,OSULeaf,LargeKitchenAppliances,DistalPhalanxTW,RefrigerationDevices,SonyAIBORobotSurface,FaceAll,ToeSegmentation1,DistalPhalanxOutlineAgeGroup,Computers,ScreenType,SonyAIBORobotSurfaceII,Lighting7,synthetic_control,ProximalPhalanxTW,DistalPhalanxOutlineCorrect,MoteStrain,MiddlePhalanxTW,MedicalImages,ProximalPhalanxOutlineAgeGroup,CBF,Earthquakes,MiddlePhalanxOutlineAgeGroup,Trace,MiddlePhalanxOutlineCorrect,Ham,ShapeletSim,Lighting2,BeetleFly,50words,WordsSynonyms,BirdChicken,ProximalPhalanxOutlineCorrect,Adiac,Gun_Point,OliveOil,Strawberry,Plane,SwedishLeaf,WormsTwoClass,DiatomSizeReduction,Car,Meat,Haptics,FISH,Beef,Herring,ArrowHead,Coffee,Wine,FaceFour
Wine,Coffee,ArrowHead,Beef,50words,MedicalImages,WordsSynonyms,Meat,synthetic_control,Worms,WormsTwoClass,Cricket_Y,FaceAll,Lighting7,DistalPhalanxTW,MiddlePhalanxTW,ProximalPhalanxTW,CBF,OliveOil,Gun_Point,ProximalPhalanxOutlineAgeGroup,ShapesAll,ProximalPhalanxOutlineCorrect,Cricket_Z,Lighting2,Cricket_X,MiddlePhalanxOutlineCorrect,DistalPhalanxOutlineAgeGroup,MiddlePhalanxOutlineAgeGroup,RefrigerationDevices,DistalPhalanxOutlineCorrect,Ham,SonyAIBORobotSurfaceII,Earthquakes,Symbols,Computers,InlineSkate,MoteStrain,ItalyPowerDemand,ScreenType,ECGFiveDays,LargeKitchenAppliances,ToeSegmentation1,SmallKitchenAppliances,TwoLeadECG,ECG200,OSULeaf,SonyAIBORobotSurface,Trace,ShapeletSim,BeetleFly,BirdChicken,Adiac,Plane,SwedishLeaf,DiatomSizeReduction,Car,Haptics,FISH,Herring,FaceFour,Strawberry
WordsSynonyms,FaceAll,Lighting7,Cricket_X,MedicalImages,OliveOil,ProximalPhalanxTW,ShapesAll,MiddlePhalanxTW,Gun_Point,CBF,ProximalPhalanxOutlineAgeGroup,ProximalPhalanxOutlineCorrect,Strawberry,DistalPhalanxTW,MiddlePhalanxOutlineAgeGroup,Lighting2,Cricket_Z,WormsTwoClass,DistalPhalanxOutlineAgeGroup,Meat,MiddlePhalanxOutlineCorrect,Cricket_Y,Ham,ScreenType,synthetic_control,InlineSkate,DistalPhalanxOutlineCorrect,Beef,LargeKitchenAppliances,RefrigerationDevices,Computers,Worms,Symbols,ArrowHead,ItalyPowerDemand,ECGFiveDays,Coffee,SmallKitchenAppliances,Wine,TwoLeadECG,SonyAIBORobotSurfaceII,ECG200,SonyAIBORobotSurface,Trace,MoteStrain,ToeSegmentation1,Adiac,OSULeaf,ShapeletSim,SwedishLeaf,Car,BirdChicken,DiatomSizeReduction,BeetleFly,FISH,Earthquakes,Herring,Plane,FaceFour,Haptics,50words
Worms,50words,ShapesAll,WordsSynonyms,Cricket_Z,Cricket_Y,Cricket_X,FaceAll,InlineSkate,MedicalImages,Trace,Lighting7,DistalPhalanxTW,ProximalPhalanxTW,MiddlePhalanxTW,synthetic_control,LargeKitchenAppliances,Symbols,ScreenType,SmallKitchenAppliances,DistalPhalanxOutlineAgeGroup,MiddlePhalanxOutlineAgeGroup,ProximalPhalanxOutlineAgeGroup,OliveOil,CBF,Beef,Adiac,OSULeaf,RefrigerationDevices,Meat,SwedishLeaf,TwoLeadECG,ECG200,ECGFiveDays,ItalyPowerDemand,Computers,SonyAIBORobotSurface,Ham,Gun_Point,Lighting2,MiddlePhalanxOutlineCorrect,DistalPhalanxOutlineCorrect,ProximalPhalanxOutlineCorrect,Strawberry,ArrowHead,SonyAIBORobotSurfaceII,MoteStrain,Car,DiatomSizeReduction,ToeSegmentation1,FISH,ShapeletSim,Coffee,Plane,Wine,Earthquakes,BirdChicken,BeetleFly,FaceFour,Herring,Haptics,WormsTwoClass
WormsTwoClass,50words,WordsSynonyms,FaceAll,Meat,Cricket_Y,synthetic_control,Lighting7,Strawberry,DistalPhalanxTW,MedicalImages,MiddlePhalanxTW,OliveOil,ProximalPhalanxTW,CBF,Gun_Point,ProximalPhalanxOutlineAgeGroup,ShapesAll,Beef,ProximalPhalanxOutlineCorrect,ArrowHead,Coffee,Cricket_Z,Wine,Cricket_X,Lighting2,MiddlePhalanxOutlineCorrect,DistalPhalanxOutlineAgeGroup,MiddlePhalanxOutlineAgeGroup,RefrigerationDevices,DistalPhalanxOutlineCorrect,Ham,SonyAIBORobotSurfaceII,Earthquakes,Symbols,Computers,InlineSkate,MoteStrain,ScreenType,ItalyPowerDemand,ECGFiveDays,LargeKitchenAppliances,ToeSegmentation1,SmallKitchenAppliances,TwoLeadECG,ECG200,OSULeaf,SonyAIBORobotSurface,Trace,ShapeletSim,BeetleFly,BirdChicken,Adiac,Plane,SwedishLeaf,DiatomSizeReduction,Car,Haptics,FISH,Herring,FaceFour,Worms
synthetic_control,ShapesAll,50words,WordsSynonyms,Cricket_Z,Adiac,Cricket_X,MedicalImages,Cricket_Y,Trace,FaceAll,Lighting7,SwedishLeaf,ProximalPhalanxTW,MiddlePhalanxTW,Worms,DistalPhalanxTW,OSULeaf,InlineSkate,OliveOil,Symbols,Car,FISH,DiatomSizeReduction,SmallKitchenAppliances,MiddlePhalanxOutlineAgeGroup,ProximalPhalanxOutlineAgeGroup,CBF,LargeKitchenAppliances,DistalPhalanxOutlineAgeGroup,ShapeletSim,RefrigerationDevices,ScreenType,SonyAIBORobotSurface,Beef,ECG200,BirdChicken,SonyAIBORobotSurfaceII,MoteStrain,ToeSegmentation1,TwoLeadECG,Plane,BeetleFly,ItalyPowerDemand,Computers,ECGFiveDays,DistalPhalanxOutlineCorrect,Meat,Ham,MiddlePhalanxOutlineCorrect,Lighting2,ProximalPhalanxOutlineCorrect,Earthquakes,Gun_Point,Strawberry,ArrowHead,WormsTwoClass,Herring,FaceFour,Coffee,Wine,Haptics
